{"type":"FeatureCollection","properties":{"source":"IBGE Malha Municipal Digital","year":2024,"state":"SE","simplification":"RDP tolerance 0.001 degrees; source CRS SIRGAS 2000 geographic"},"features":[{"type":"Feature","properties":{"ibgeCode":"2802700","municipality":"Ilha das Flores","state":"SE"},"geometry":{"type":"MultiPolygon","coordinates":[[[[-36.488032,-10.427805],[-36.484097,-10.43716],[-36.511322,-10.445571],[-36.528512,-10.466398],[-36.58311,-10.499232],[-36.600149,-10.496842],[-36.60021,-10.491997],[-36.596648,-10.48988],[-36.591924,-10.482103],[-36.594903,-10.479838],[-36.599103,-10.480047],[-36.600114,-10.478272],[-36.596869,-10.473328],[-36.596678,-10.463192],[-36.59412,-10.459087],[-36.594827,-10.452349],[-36.596163,-10.451337],[-36.595387,-10.449039],[-36.592421,-10.448397],[-36.590818,-10.445419],[-36.58973,-10.449104],[-36.586294,-10.451566],[-36.586752,-10.44521],[-36.584024,-10.443685],[-36.583303,-10.440239],[-36.580774,-10.441439],[-36.582191,-10.437673],[-36.580852,-10.439018],[-36.57996,-10.436912],[-36.578864,-10.438597],[-36.574959,-10.43849],[-36.575765,-10.435337],[-36.566008,-10.43228],[-36.562029,-10.415654],[-36.553553,-10.424029],[-36.535074,-10.430285],[-36.50193,-10.431132],[-36.489411,-10.424527],[-36.488032,-10.427805]]]]}},{"type":"Feature","properties":{"ibgeCode":"2806206","municipality":"Salgado","state":"SE"},"geometry":{"type":"MultiPolygon","coordinates":[[[[-37.455108,-10.977649],[-37.439442,-10.980563],[-37.434951,-10.983521],[-37.433845,-10.987161],[-37.430589,-10.988884],[-37.42646,-10.988352],[-37.424715,-11.003207],[-37.422799,-11.004399],[-37.420416,-11.00359],[-37.41235,-11.01056],[-37.409147,-11.020797],[-37.406827,-11.022627],[-37.407253,-11.026245],[-37.403944,-11.029991],[-37.40438,-11.034949],[-37.395793,-11.045686],[-37.394399,-11.045399],[-37.39159,-11.052592],[-37.388812,-11.052964],[-37.438207,-11.087003],[-37.436826,-11.092369],[-37.438597,-11.097016],[-37.430062,-11.106797],[-37.433098,-11.111428],[-37.437276,-11.111444],[-37.437364,-11.113661],[-37.439138,-11.113977],[-37.439073,-11.116047],[-37.435219,-11.116116],[-37.434323,-11.120211],[-37.437296,-11.124175],[-37.437289,-11.126831],[-37.458977,-11.14633],[-37.54616,-11.165854],[-37.553172,-11.15882],[-37.554353,-11.152979],[-37.547288,-11.155532],[-37.544,-11.153468],[-37.543,-11.151659],[-37.546288,-11.149701],[-37.54599,-11.14719],[-37.540914,-11.142189],[-37.553087,-11.140114],[-37.538068,-11.092648],[-37.528723,-11.053888],[-37.531008,-10.996222],[-37.519661,-10.960342],[-37.455643,-10.97755],[-37.455108,-10.977649]]]]}},{"type":"Feature","properties":{"ibgeCode":"2805802","municipality":"Riachão do Dantas","state":"SE"},"geometry":{"type":"MultiPolygon","coordinates":[[[[-37.784721,-11.131578],[-37.790084,-11.134029],[-37.793441,-11.132974],[-37.843539,-11.108952],[-37.894212,-11.046669],[-37.896083,-11.040987],[-37.904343,-11.035069],[-37.905831,-11.030749],[-37.916088,-11.023124],[-37.919138,-11.017442],[-37.925861,-11.014597],[-37.931718,-11.008438],[-37.932426,-11.004699],[-37.938725,-11.003628],[-37.939488,-11.00134],[-37.946114,-10.996148],[-37.945333,-10.993462],[-37.948619,-10.985202],[-37.945315,-10.980319],[-37.941829,-10.985111],[-37.933188,-10.971914],[-37.93337,-10.969136],[-37.937346,-10.964344],[-37.938181,-10.957609],[-37.941321,-10.95583],[-37.943336,-10.946281],[-37.951923,-10.940254],[-37.955444,-10.935008],[-37.956007,-10.927946],[-37.959257,-10.923607],[-37.97289,-10.880369],[-37.93911,-10.889848],[-37.939569,-10.884192],[-37.937125,-10.881023],[-37.923356,-10.879897],[-37.919576,-10.876876],[-37.895198,-10.872172],[-37.883882,-10.866824],[-37.879026,-10.866786],[-37.878571,-10.864269],[-37.876422,-10.863536],[-37.874335,-10.866052],[-37.8734,-10.876585],[-37.865802,-10.897219],[-37.870919,-10.90599],[-37.875151,-10.920259],[-37.871395,-10.92351],[-37.866631,-10.923397],[-37.86125,-10.929331],[-37.856047,-10.928681],[-37.851549,-10.934526],[-37.846259,-10.933786],[-37.84104,-10.942859],[-37.841462,-10.946729],[-37.834975,-10.951379],[-37.835577,-10.953313],[-37.837674,-10.952939],[-37.839609,-10.955183],[-37.838747,-10.963752],[-37.839967,-10.969573],[-37.838519,-10.974873],[-37.834357,-10.975019],[-37.832747,-10.979783],[-37.838276,-10.986742],[-37.836422,-10.988287],[-37.826733,-10.989202],[-37.825073,-10.993522],[-37.822911,-10.994091],[-37.822065,-11.005321],[-37.821155,-11.003327],[-37.818748,-11.005944],[-37.814879,-11.006546],[-37.813155,-11.00292],[-37.811448,-11.00318],[-37.808993,-11.010578],[-37.798327,-11.01183],[-37.793091,-11.018529],[-37.789953,-11.012237],[-37.786294,-11.010761],[-37.786376,-11.006432],[-37.782002,-11.010334],[-37.778848,-11.006139],[-37.776393,-11.005879],[-37.773645,-11.011716],[-37.775434,-11.012773],[-37.775255,-11.014546],[-37.772702,-11.018269],[-37.772588,-11.016106],[-37.768166,-11.01557],[-37.768995,-11.013846],[-37.765386,-11.011245],[-37.766475,-11.009164],[-37.760069,-11.010172],[-37.759305,-11.005668],[-37.754151,-11.003343],[-37.754151,-11.006286],[-37.751793,-11.008757],[-37.741696,-11.010611],[-37.740265,-11.001083],[-37.743891,-10.99975],[-37.746005,-10.996807],[-37.742493,-10.99362],[-37.743761,-10.989181],[-37.724461,-10.994046],[-37.709329,-11.003587],[-37.692268,-11.026317],[-37.68474,-11.026854],[-37.68422,-11.023943],[-37.682253,-11.024951],[-37.681895,-11.022951],[-37.679667,-11.023878],[-37.676074,-11.021195],[-37.673099,-11.02274],[-37.670904,-11.024642],[-37.670822,-11.030951],[-37.668172,-11.030691],[-37.664432,-11.033113],[-37.664774,-11.035975],[-37.660709,-11.034756],[-37.659018,-11.037146],[-37.657392,-11.036886],[-37.655441,-11.038918],[-37.656368,-11.042267],[-37.65362,-11.045259],[-37.647165,-11.047356],[-37.642678,-11.04669],[-37.641426,-11.053112],[-37.636483,-11.057177],[-37.634386,-11.064217],[-37.629752,-11.064868],[-37.628402,-11.063307],[-37.625248,-11.066965],[-37.61595,-11.068594],[-37.614607,-11.070461],[-37.616622,-11.072181],[-37.615233,-11.075717],[-37.611922,-11.077447],[-37.611922,-11.079902],[-37.616831,-11.080531],[-37.616517,-11.083804],[-37.618384,-11.081706],[-37.620776,-11.083343],[-37.619706,-11.08521],[-37.622727,-11.087979],[-37.633028,-11.081454],[-37.649546,-11.108879],[-37.646069,-11.116463],[-37.64672,-11.126199],[-37.672534,-11.148605],[-37.70679,-11.174317],[-37.709821,-11.169489],[-37.711292,-11.16983],[-37.712109,-11.166518],[-37.716461,-11.16735],[-37.717991,-11.161957],[-37.719848,-11.162878],[-37.722894,-11.161601],[-37.726994,-11.164913],[-37.732074,-11.157827],[-37.731495,-11.155644],[-37.736724,-11.15141],[-37.73665,-11.149835],[-37.738031,-11.149538],[-37.738893,-11.153252],[-37.740453,-11.153787],[-37.746736,-11.152316],[-37.748014,-11.149999],[-37.75354,-11.147028],[-37.757313,-11.148855],[-37.756452,-11.146552],[-37.76076,-11.143789],[-37.761205,-11.141665],[-37.763627,-11.142972],[-37.765528,-11.142006],[-37.769599,-11.135203],[-37.777264,-11.131727],[-37.782122,-11.133019],[-37.784706,-11.131712],[-37.784721,-11.131578]]]]}},{"type":"Feature","properties":{"ibgeCode":"2804508","municipality":"Nossa Senhora da Glória","state":"SE"},"geometry":{"type":"MultiPolygon","coordinates":[[[[-37.434864,-10.296686],[-37.435483,-10.295327],[-37.437687,-10.296659],[-37.440813,-10.294452],[-37.443036,-10.296707],[-37.443747,-10.294012],[-37.446677,-10.295727],[-37.448899,-10.293268],[-37.446541,-10.290197],[-37.447738,-10.288677],[-37.450567,-10.289392],[-37.452086,-10.292018],[-37.456291,-10.290504],[-37.455883,-10.288066],[-37.459317,-10.287821],[-37.459679,-10.285762],[-37.462027,-10.284838],[-37.458762,-10.283424],[-37.462312,-10.277582],[-37.464974,-10.279306],[-37.466009,-10.283879],[-37.468192,-10.281311],[-37.47074,-10.284669],[-37.468517,-10.286046],[-37.470724,-10.29057],[-37.473144,-10.287764],[-37.48375,-10.295186],[-37.485093,-10.292699],[-37.482239,-10.290382],[-37.484273,-10.287837],[-37.482135,-10.284612],[-37.482321,-10.281776],[-37.486263,-10.286608],[-37.487299,-10.283437],[-37.490478,-10.28351],[-37.498076,-10.294883],[-37.499958,-10.292223],[-37.504538,-10.295308],[-37.506251,-10.294061],[-37.505856,-10.291255],[-37.507658,-10.290671],[-37.509559,-10.292428],[-37.508451,-10.295884],[-37.511362,-10.297371],[-37.513004,-10.29438],[-37.51589,-10.293756],[-37.514576,-10.288867],[-37.522563,-10.289999],[-37.521553,-10.286987],[-37.525611,-10.284521],[-37.525024,-10.281334],[-37.52636,-10.280585],[-37.529306,-10.283139],[-37.532246,-10.282907],[-37.531005,-10.279772],[-37.5365,-10.278488],[-37.539105,-10.27483],[-37.539631,-10.270451],[-37.544782,-10.268874],[-37.541549,-10.268152],[-37.543459,-10.265958],[-37.543196,-10.263713],[-37.539153,-10.264915],[-37.54125,-10.261723],[-37.53912,-10.258482],[-37.553757,-10.259069],[-37.550593,-10.261677],[-37.554246,-10.267178],[-37.557421,-10.264732],[-37.557807,-10.25827],[-37.561217,-10.261122],[-37.563272,-10.260175],[-37.570296,-10.253101],[-37.568873,-10.249647],[-37.569978,-10.247468],[-37.572388,-10.250272],[-37.574927,-10.24729],[-37.576738,-10.248202],[-37.579001,-10.24695],[-37.577448,-10.243875],[-37.581791,-10.240303],[-37.582155,-10.242156],[-37.585845,-10.243486],[-37.586351,-10.242014],[-37.591287,-10.244704],[-37.590417,-10.248469],[-37.593365,-10.25187],[-37.601152,-10.24736],[-37.601915,-10.245376],[-37.600094,-10.242898],[-37.604667,-10.243254],[-37.603904,-10.241187],[-37.606467,-10.239488],[-37.608827,-10.241919],[-37.608211,-10.244808],[-37.610242,-10.245216],[-37.610934,-10.249186],[-37.612832,-10.249133],[-37.612844,-10.245717],[-37.615625,-10.24439],[-37.616629,-10.240495],[-37.623256,-10.244687],[-37.625539,-10.241827],[-37.629025,-10.241489],[-37.630682,-10.238742],[-37.634919,-10.237577],[-37.635677,-10.234875],[-37.638863,-10.234808],[-37.648497,-10.226641],[-37.653966,-10.217989],[-37.657586,-10.217668],[-37.666809,-10.211106],[-37.669756,-10.21081],[-37.674124,-10.20625],[-37.681874,-10.209181],[-37.688725,-10.203642],[-37.691464,-10.20442],[-37.693084,-10.207677],[-37.696181,-10.207434],[-37.697549,-10.203688],[-37.701461,-10.201271],[-37.700684,-10.193566],[-37.70318,-10.191572],[-37.706989,-10.191867],[-37.720803,-10.187338],[-37.723711,-10.189584],[-37.726482,-10.18945],[-37.733034,-10.194435],[-37.741743,-10.19517],[-37.748557,-10.198505],[-37.752889,-10.197448],[-37.756316,-10.199395],[-37.760054,-10.196072],[-37.764821,-10.196854],[-37.7751,-10.19078],[-37.77547,-10.189205],[-37.779654,-10.18839],[-37.7824,-10.184955],[-37.78276,-10.176456],[-37.779041,-10.162031],[-37.776231,-10.157929],[-37.774442,-10.144355],[-37.777746,-10.139503],[-37.77793,-10.134141],[-37.780907,-10.13172],[-37.784443,-10.104133],[-37.777135,-10.10315],[-37.777268,-10.098115],[-37.769565,-10.102141],[-37.767794,-10.1011],[-37.767075,-10.102553],[-37.758392,-10.10519],[-37.756966,-10.107158],[-37.751943,-10.10735],[-37.746112,-10.112001],[-37.744251,-10.112476],[-37.739541,-10.109554],[-37.736463,-10.111876],[-37.730888,-10.111347],[-37.725514,-10.115211],[-37.723712,-10.11952],[-37.720156,-10.118668],[-37.716721,-10.120638],[-37.708218,-10.121683],[-37.703322,-10.125528],[-37.699617,-10.125764],[-37.697594,-10.128364],[-37.695468,-10.128504],[-37.69373,-10.12568],[-37.68765,-10.121792],[-37.682943,-10.123951],[-37.678907,-10.1224],[-37.678323,-10.125539],[-37.675812,-10.127664],[-37.669915,-10.13],[-37.667429,-10.125585],[-37.661573,-10.128919],[-37.659977,-10.127495],[-37.660276,-10.123712],[-37.657513,-10.120372],[-37.652274,-10.121099],[-37.645799,-10.110887],[-37.637659,-10.110871],[-37.635842,-10.107283],[-37.630001,-10.102343],[-37.622466,-10.106475],[-37.621254,-10.105248],[-37.622016,-10.103477],[-37.616625,-10.095476],[-37.610675,-10.096004],[-37.608749,-10.100432],[-37.60429,-10.103088],[-37.602551,-10.101193],[-37.601976,-10.096408],[-37.597937,-10.09369],[-37.594861,-10.096921],[-37.590185,-10.09442],[-37.590216,-10.090552],[-37.588367,-10.089775],[-37.583723,-10.090971],[-37.584592,-10.095352],[-37.583396,-10.0947],[-37.57712,-10.101768],[-37.570968,-10.103259],[-37.568297,-10.108106],[-37.562393,-10.107096],[-37.563092,-10.11258],[-37.559755,-10.115882],[-37.560731,-10.119493],[-37.557251,-10.122382],[-37.553275,-10.116402],[-37.554424,-10.114102],[-37.553026,-10.112797],[-37.546129,-10.111788],[-37.54389,-10.114672],[-37.541639,-10.115081],[-37.539542,-10.109644],[-37.534213,-10.11143],[-37.532862,-10.114227],[-37.523852,-10.110685],[-37.524041,-10.105697],[-37.522593,-10.104579],[-37.520791,-10.105077],[-37.519782,-10.108541],[-37.517141,-10.109007],[-37.514282,-10.105714],[-37.514624,-10.102513],[-37.511874,-10.101473],[-37.504573,-10.104253],[-37.503643,-10.101958],[-37.495765,-10.097154],[-37.492503,-10.098148],[-37.492238,-10.101752],[-37.491073,-10.101876],[-37.481613,-10.089169],[-37.475706,-10.09602],[-37.473038,-10.093146],[-37.468804,-10.094257],[-37.464758,-10.091748],[-37.462185,-10.095238],[-37.458699,-10.096719],[-37.460548,-10.100789],[-37.459491,-10.103461],[-37.451926,-10.102296],[-37.44798,-10.105279],[-37.444749,-10.101302],[-37.437164,-10.102929],[-37.436049,-10.0956],[-37.440084,-10.091293],[-37.432616,-10.085969],[-37.435055,-10.083825],[-37.440927,-10.084462],[-37.441937,-10.074877],[-37.434403,-10.071801],[-37.429338,-10.077425],[-37.427723,-10.076508],[-37.427132,-10.071615],[-37.430115,-10.06464],[-37.429276,-10.063661],[-37.425377,-10.066038],[-37.423808,-10.071226],[-37.418557,-10.073028],[-37.414876,-10.077518],[-37.412483,-10.074489],[-37.412359,-10.068958],[-37.413881,-10.067809],[-37.420433,-10.068228],[-37.421897,-10.06582],[-37.419766,-10.061694],[-37.403793,-10.067006],[-37.397543,-10.07111],[-37.396187,-10.075779],[-37.390163,-10.081314],[-37.38011,-10.083987],[-37.384176,-10.088581],[-37.384779,-10.095245],[-37.374857,-10.09743],[-37.358044,-10.113271],[-37.355731,-10.109684],[-37.351175,-10.111341],[-37.34709,-10.11712],[-37.337683,-10.121134],[-37.334142,-10.125442],[-37.340825,-10.133384],[-37.343154,-10.141184],[-37.345702,-10.153153],[-37.340309,-10.155253],[-37.340459,-10.157287],[-37.347399,-10.161896],[-37.347441,-10.163685],[-37.345333,-10.163864],[-37.345412,-10.166039],[-37.341847,-10.163793],[-37.340431,-10.16721],[-37.336936,-10.169965],[-37.336229,-10.165189],[-37.330852,-10.165631],[-37.32671,-10.161635],[-37.323746,-10.164424],[-37.31962,-10.162992],[-37.314942,-10.154288],[-37.319799,-10.179531],[-37.326515,-10.183505],[-37.331846,-10.189853],[-37.336405,-10.199202],[-37.335505,-10.204529],[-37.329628,-10.204205],[-37.332131,-10.211271],[-37.355392,-10.208433],[-37.38395,-10.219175],[-37.383491,-10.222326],[-37.390892,-10.23556],[-37.393704,-10.246631],[-37.398359,-10.25315],[-37.398354,-10.255453],[-37.394345,-10.25856],[-37.391941,-10.263824],[-37.393536,-10.267207],[-37.391184,-10.267513],[-37.389962,-10.270165],[-37.391616,-10.280686],[-37.39326,-10.280878],[-37.392402,-10.282486],[-37.395203,-10.282625],[-37.393301,-10.286734],[-37.395869,-10.288469],[-37.405378,-10.284882],[-37.402944,-10.288762],[-37.403484,-10.292492],[-37.404268,-10.290605],[-37.408211,-10.28994],[-37.407325,-10.29557],[-37.409685,-10.297707],[-37.408668,-10.3014],[-37.411372,-10.305076],[-37.414988,-10.302655],[-37.419433,-10.306936],[-37.420911,-10.305224],[-37.420378,-10.302779],[-37.42368,-10.304151],[-37.427518,-10.301206],[-37.42917,-10.303838],[-37.428601,-10.307967],[-37.436102,-10.303168],[-37.434693,-10.300833],[-37.43639,-10.298894],[-37.434869,-10.296815],[-37.434864,-10.296686]]]]}},{"type":"Feature","properties":{"ibgeCode":"2805406","municipality":"Poço Redondo","state":"SE"},"geometry":{"type":"MultiPolygon","coordinates":[[[[-37.63172,-9.974174],[-37.6412,-9.978977],[-37.643223,-9.981517],[-37.643382,-9.984818],[-37.651018,-9.993601],[-37.665016,-9.999481],[-37.665853,-10.015264],[-37.668877,-10.018978],[-37.668352,-10.022471],[-37.670995,-10.02276],[-37.673816,-10.026336],[-37.679546,-10.025581],[-37.684566,-10.028379],[-37.687631,-10.023093],[-37.691318,-10.022005],[-37.691362,-10.019895],[-37.69893,-10.022055],[-37.698138,-10.019438],[-37.702058,-10.013753],[-37.713919,-10.0218],[-37.716204,-10.021838],[-37.718996,-10.026148],[-37.721346,-10.0261],[-37.723974,-10.028383],[-37.726157,-10.027255],[-37.726051,-10.024925],[-37.731029,-10.024001],[-37.732449,-10.020764],[-37.738701,-10.024689],[-37.738455,-10.028968],[-37.742817,-10.027583],[-37.7422,-10.029153],[-37.744222,-10.029937],[-37.747197,-10.026464],[-37.751685,-10.027143],[-37.752495,-10.025177],[-37.757567,-10.028037],[-37.759104,-10.025694],[-37.760897,-10.026572],[-37.759819,-10.028518],[-37.761592,-10.029851],[-37.768029,-10.030254],[-37.769571,-10.031869],[-37.773535,-10.029706],[-37.775413,-10.033216],[-37.777615,-10.031937],[-37.783647,-10.033644],[-37.788336,-10.031635],[-37.798105,-10.034057],[-37.799251,-10.032012],[-37.804985,-10.032123],[-37.807507,-10.030425],[-37.810304,-10.034505],[-37.813603,-10.03226],[-37.818058,-10.035691],[-37.825794,-10.036612],[-37.827005,-10.034161],[-37.825126,-10.028915],[-37.827713,-10.027709],[-37.824347,-10.024919],[-37.824813,-10.023456],[-37.826446,-10.021472],[-37.833047,-10.019417],[-37.84691,-9.999231],[-37.847244,-9.994281],[-37.850309,-9.993343],[-37.852078,-9.990457],[-37.862556,-9.988597],[-37.876099,-9.976956],[-37.875774,-9.973092],[-37.896073,-9.954283],[-37.897469,-9.947952],[-37.895048,-9.942831],[-37.909449,-9.939814],[-37.912791,-9.937131],[-37.913441,-9.933113],[-37.905615,-9.927995],[-37.901249,-9.921282],[-37.902057,-9.918926],[-37.899521,-9.913397],[-37.896008,-9.91197],[-37.891545,-9.914092],[-37.887179,-9.913772],[-37.881514,-9.909413],[-37.877125,-9.908549],[-37.865524,-9.896193],[-37.87137,-9.889556],[-37.872423,-9.881868],[-37.866653,-9.844644],[-37.869557,-9.8409],[-37.862962,-9.824143],[-37.859865,-9.805667],[-37.854807,-9.793433],[-37.854588,-9.784409],[-37.826354,-9.791614],[-37.822353,-9.793833],[-37.813004,-9.794823],[-37.803298,-9.805836],[-37.786462,-9.814036],[-37.669093,-9.65834],[-37.663113,-9.672556],[-37.654052,-9.686333],[-37.645681,-9.690722],[-37.638186,-9.692028],[-37.633533,-9.700131],[-37.594113,-9.723176],[-37.577684,-9.736808],[-37.562463,-9.740016],[-37.527562,-9.742305],[-37.515373,-9.745874],[-37.480243,-9.746004],[-37.465956,-9.748026],[-37.509032,-9.818207],[-37.607619,-9.968511],[-37.619557,-9.974005],[-37.62707,-9.972481],[-37.631068,-9.973971],[-37.63172,-9.974174]]]]}},{"type":"Feature","properties":{"ibgeCode":"2800605","municipality":"Barra dos Coqueiros","state":"SE"},"geometry":{"type":"MultiPolygon","coordinates":[[[[-37.016435,-10.874958],[-37.014942,-10.869787],[-37.015697,-10.864014],[-37.009215,-10.864851],[-37.006092,-10.859346],[-37.00234,-10.861222],[-36.998508,-10.860735],[-36.993473,-10.856845],[-36.992983,-10.852846],[-36.982562,-10.848186],[-36.981248,-10.844941],[-36.982437,-10.840828],[-36.987814,-10.837055],[-36.984059,-10.831886],[-36.982675,-10.835839],[-36.978664,-10.832112],[-36.968438,-10.832886],[-36.965307,-10.820453],[-36.959326,-10.817114],[-36.961024,-10.811436],[-36.959175,-10.807266],[-36.955968,-10.808945],[-36.954402,-10.805267],[-36.949776,-10.802163],[-36.947309,-10.797852],[-36.938423,-10.795324],[-36.936687,-10.791212],[-36.937322,-10.787273],[-36.936046,-10.786929],[-36.934727,-10.789141],[-36.93265,-10.786288],[-36.928085,-10.790174],[-36.927217,-10.786514],[-36.924972,-10.787967],[-36.924576,-10.78591],[-36.921426,-10.785519],[-36.916086,-10.780538],[-36.910313,-10.777312],[-36.905069,-10.776482],[-36.903959,-10.77359],[-36.899418,-10.772571],[-36.886033,-10.754523],[-36.882188,-10.744354],[-36.876242,-10.738185],[-36.869244,-10.743798],[-36.865048,-10.741112],[-36.862029,-10.742862],[-36.854632,-10.742564],[-36.852747,-10.744226],[-36.867505,-10.758052],[-36.913794,-10.808355],[-36.931602,-10.832005],[-36.938863,-10.836729],[-36.95306,-10.851513],[-37.007914,-10.921195],[-37.026054,-10.951431],[-37.03462,-10.957299],[-37.039077,-10.945341],[-37.039845,-10.925794],[-37.044028,-10.909966],[-37.043493,-10.889751],[-37.039817,-10.884095],[-37.029971,-10.886119],[-37.017072,-10.876028],[-37.016435,-10.874958]]],[[[-36.916964,-10.843522],[-36.919494,-10.846611],[-36.916865,-10.841946],[-36.916811,-10.843203],[-36.916964,-10.843522]]]]}},{"type":"Feature","properties":{"ibgeCode":"2804102","municipality":"Moita Bonita","state":"SE"},"geometry":{"type":"MultiPolygon","coordinates":[[[[-37.293939,-10.576177],[-37.284168,-10.573649],[-37.281972,-10.575445],[-37.273089,-10.577142],[-37.263165,-10.577328],[-37.253861,-10.586889],[-37.250733,-10.593077],[-37.248003,-10.594364],[-37.253663,-10.59577],[-37.257377,-10.590722],[-37.26098,-10.589983],[-37.264593,-10.586763],[-37.270237,-10.587718],[-37.278479,-10.586588],[-37.282127,-10.587757],[-37.287342,-10.593985],[-37.293242,-10.594532],[-37.296399,-10.601028],[-37.326151,-10.623187],[-37.332347,-10.639608],[-37.328904,-10.653676],[-37.337487,-10.653167],[-37.345873,-10.657414],[-37.347266,-10.656274],[-37.354834,-10.656907],[-37.354532,-10.655212],[-37.358067,-10.654316],[-37.360975,-10.650562],[-37.357978,-10.646598],[-37.358041,-10.644125],[-37.360182,-10.642801],[-37.364417,-10.644296],[-37.365967,-10.642615],[-37.369317,-10.629587],[-37.373865,-10.630571],[-37.375696,-10.624591],[-37.379485,-10.623286],[-37.380702,-10.624201],[-37.37853,-10.628633],[-37.380693,-10.631038],[-37.388368,-10.628837],[-37.387871,-10.614315],[-37.386283,-10.611695],[-37.39011,-10.601912],[-37.387014,-10.597407],[-37.391786,-10.587911],[-37.391874,-10.584259],[-37.394543,-10.58232],[-37.394192,-10.580285],[-37.377123,-10.567146],[-37.37461,-10.562062],[-37.363858,-10.558984],[-37.363643,-10.549741],[-37.357069,-10.547238],[-37.354274,-10.54343],[-37.350465,-10.544033],[-37.345293,-10.538949],[-37.342839,-10.541004],[-37.336255,-10.539982],[-37.333343,-10.542105],[-37.333557,-10.543848],[-37.330061,-10.542943],[-37.330051,-10.541676],[-37.32795,-10.543542],[-37.324222,-10.541469],[-37.321123,-10.542281],[-37.320203,-10.540295],[-37.316093,-10.544982],[-37.316571,-10.54753],[-37.312993,-10.545905],[-37.30979,-10.547012],[-37.313153,-10.558228],[-37.312472,-10.559819],[-37.309932,-10.560043],[-37.310173,-10.562169],[-37.312115,-10.56213],[-37.310516,-10.56598],[-37.305676,-10.56796],[-37.303547,-10.574364],[-37.294275,-10.576264],[-37.293939,-10.576177]]]]}},{"type":"Feature","properties":{"ibgeCode":"2801900","municipality":"Cumbe","state":"SE"},"geometry":{"type":"MultiPolygon","coordinates":[[[[-37.175575,-10.414335],[-37.179311,-10.417453],[-37.182366,-10.415686],[-37.182696,-10.413281],[-37.190371,-10.405777],[-37.192638,-10.406192],[-37.196725,-10.403105],[-37.206975,-10.403744],[-37.211584,-10.391428],[-37.228291,-10.377898],[-37.232798,-10.363179],[-37.239729,-10.359647],[-37.24175,-10.350566],[-37.239703,-10.341485],[-37.241505,-10.336324],[-37.245156,-10.333195],[-37.244389,-10.330896],[-37.247138,-10.327811],[-37.249211,-10.320741],[-37.247093,-10.315078],[-37.235416,-10.306063],[-37.235503,-10.301795],[-37.238556,-10.301592],[-37.239525,-10.297186],[-37.242548,-10.293694],[-37.241473,-10.287372],[-37.249833,-10.281158],[-37.256087,-10.280219],[-37.258184,-10.268234],[-37.263152,-10.267651],[-37.270042,-10.262401],[-37.280686,-10.260602],[-37.280175,-10.25925],[-37.28736,-10.255629],[-37.292905,-10.255812],[-37.267657,-10.239388],[-37.261212,-10.238375],[-37.259461,-10.24355],[-37.253788,-10.249095],[-37.251361,-10.255226],[-37.243325,-10.261326],[-37.238407,-10.272427],[-37.235842,-10.274311],[-37.235129,-10.283135],[-37.231659,-10.283125],[-37.227965,-10.289564],[-37.228892,-10.292502],[-37.22523,-10.296877],[-37.223239,-10.298346],[-37.219961,-10.297058],[-37.215246,-10.300911],[-37.212372,-10.299112],[-37.210435,-10.300326],[-37.209924,-10.295866],[-37.205483,-10.299749],[-37.204282,-10.298921],[-37.204857,-10.296515],[-37.202707,-10.297654],[-37.200312,-10.296153],[-37.197613,-10.301716],[-37.195937,-10.302667],[-37.194415,-10.301315],[-37.192403,-10.304253],[-37.189732,-10.301145],[-37.187443,-10.30271],[-37.18574,-10.301177],[-37.182856,-10.304647],[-37.184857,-10.308596],[-37.183228,-10.309948],[-37.181695,-10.307351],[-37.181206,-10.310108],[-37.177257,-10.311364],[-37.175533,-10.30933],[-37.172297,-10.310948],[-37.1735,-10.312854],[-37.171935,-10.31328],[-37.172393,-10.315547],[-37.170541,-10.315983],[-37.171094,-10.319602],[-37.16921,-10.32007],[-37.172637,-10.324498],[-37.169689,-10.324286],[-37.168396,-10.327423],[-37.166794,-10.327596],[-37.170211,-10.33048],[-37.168816,-10.333333],[-37.171818,-10.332215],[-37.172978,-10.332886],[-37.172244,-10.334557],[-37.17499,-10.333706],[-37.171647,-10.337623],[-37.173808,-10.339538],[-37.170902,-10.34122],[-37.16937,-10.339294],[-37.168028,-10.342242],[-37.165761,-10.34155],[-37.166081,-10.340198],[-37.162259,-10.340007],[-37.160035,-10.342082],[-37.16061,-10.3432],[-37.157821,-10.342828],[-37.156895,-10.344605],[-37.158374,-10.345137],[-37.153042,-10.346204],[-37.155415,-10.34964],[-37.157629,-10.348235],[-37.158023,-10.35031],[-37.155639,-10.35047],[-37.153329,-10.352908],[-37.156682,-10.353855],[-37.153712,-10.355952],[-37.153808,-10.357687],[-37.156182,-10.358198],[-37.156661,-10.360518],[-37.159801,-10.360358],[-37.157044,-10.36286],[-37.159683,-10.365308],[-37.157991,-10.36617],[-37.154468,-10.363222],[-37.152786,-10.364946],[-37.155245,-10.366947],[-37.15334,-10.367362],[-37.148252,-10.36171],[-37.146208,-10.362317],[-37.147368,-10.366096],[-37.144143,-10.366904],[-37.143441,-10.365595],[-37.146166,-10.364318],[-37.142504,-10.364084],[-37.145218,-10.361806],[-37.143196,-10.360444],[-37.139992,-10.363254],[-37.141152,-10.36005],[-37.138417,-10.360316],[-37.135032,-10.358208],[-37.135468,-10.362317],[-37.133041,-10.362359],[-37.133297,-10.364254],[-37.128826,-10.367926],[-37.129227,-10.37129],[-37.125718,-10.371354],[-37.128911,-10.373131],[-37.125037,-10.374994],[-37.126533,-10.376612],[-37.12517,-10.377857],[-37.128044,-10.378113],[-37.129481,-10.379954],[-37.127789,-10.381114],[-37.128353,-10.382402],[-37.132014,-10.381923],[-37.132663,-10.383339],[-37.129321,-10.385755],[-37.125042,-10.384446],[-37.120955,-10.387916],[-37.118358,-10.387703],[-37.116943,-10.390555],[-37.12038,-10.391397],[-37.11741,-10.394643],[-37.120125,-10.395335],[-37.119539,-10.398975],[-37.116719,-10.400827],[-37.115558,-10.398326],[-37.111673,-10.398305],[-37.109874,-10.400082],[-37.107256,-10.39922],[-37.10997,-10.402285],[-37.113376,-10.400167],[-37.112152,-10.404553],[-37.110896,-10.402733],[-37.109885,-10.403467],[-37.115718,-10.406862],[-37.11493,-10.408874],[-37.118443,-10.4093],[-37.121487,-10.404968],[-37.123733,-10.409438],[-37.126277,-10.408757],[-37.128118,-10.411226],[-37.129289,-10.407618],[-37.132962,-10.405596],[-37.135042,-10.411953],[-37.137049,-10.410247],[-37.139774,-10.410886],[-37.137533,-10.413215],[-37.140561,-10.416325],[-37.141338,-10.415026],[-37.14418,-10.416708],[-37.144681,-10.419412],[-37.148587,-10.41542],[-37.1521,-10.418252],[-37.151983,-10.41393],[-37.157677,-10.410673],[-37.162776,-10.410822],[-37.16467,-10.412674],[-37.163276,-10.412887],[-37.163861,-10.414249],[-37.1683,-10.414771],[-37.169151,-10.416847],[-37.175453,-10.414452],[-37.175575,-10.414335]]]]}},{"type":"Feature","properties":{"ibgeCode":"2800670","municipality":"Boquim","state":"SE"},"geometry":{"type":"MultiPolygon","coordinates":[[[[-37.606693,-11.199971],[-37.611492,-11.201571],[-37.638379,-11.198705],[-37.64483,-11.193604],[-37.670412,-11.183026],[-37.673154,-11.186514],[-37.679854,-11.189708],[-37.685794,-11.175257],[-37.691462,-11.171238],[-37.704547,-11.191816],[-37.704934,-11.18831],[-37.702869,-11.188206],[-37.702839,-11.184507],[-37.70018,-11.182903],[-37.70679,-11.174317],[-37.672534,-11.148605],[-37.64672,-11.126199],[-37.646069,-11.116463],[-37.649546,-11.108879],[-37.633028,-11.081454],[-37.623734,-11.088126],[-37.620041,-11.085881],[-37.620943,-11.083762],[-37.618384,-11.081706],[-37.616517,-11.083804],[-37.616831,-11.080531],[-37.611922,-11.079902],[-37.611922,-11.077447],[-37.614943,-11.076209],[-37.616559,-11.072706],[-37.614754,-11.069601],[-37.622419,-11.067475],[-37.565151,-11.040052],[-37.570006,-11.034783],[-37.567774,-11.030906],[-37.568513,-11.025457],[-37.531008,-10.996222],[-37.528723,-11.053888],[-37.538068,-11.092648],[-37.553087,-11.140114],[-37.540925,-11.142625],[-37.54599,-11.14719],[-37.546288,-11.149701],[-37.543,-11.151659],[-37.544,-11.153468],[-37.547288,-11.155532],[-37.550885,-11.153319],[-37.554417,-11.15334],[-37.553172,-11.15882],[-37.54616,-11.165854],[-37.596534,-11.203537],[-37.601195,-11.200603],[-37.606417,-11.200136],[-37.606693,-11.199971]]]]}},{"type":"Feature","properties":{"ibgeCode":"2801108","municipality":"Canhoba","state":"SE"},"geometry":{"type":"MultiPolygon","coordinates":[[[[-36.96256,-10.231566],[-36.971594,-10.204548],[-36.983522,-10.195646],[-36.994794,-10.1776],[-37.016903,-10.191013],[-37.05752,-10.18106],[-37.150383,-10.16312],[-37.061646,-10.135266],[-37.060644,-10.132578],[-37.056431,-10.131083],[-37.05552,-10.126604],[-37.053971,-10.128061],[-37.052362,-10.125844],[-37.050904,-10.127636],[-37.047199,-10.124569],[-37.0448,-10.125753],[-37.045985,-10.133223],[-37.042963,-10.1338],[-37.040534,-10.131978],[-37.040579,-10.137095],[-37.039274,-10.137338],[-37.032897,-10.132009],[-37.033565,-10.12923],[-37.031591,-10.124022],[-37.008216,-10.104067],[-36.990887,-10.085129],[-36.948378,-10.069578],[-36.945695,-10.087363],[-36.930957,-10.098076],[-36.927636,-10.103527],[-36.925289,-10.115784],[-36.917966,-10.124705],[-36.926311,-10.12655],[-36.934692,-10.120659],[-36.939949,-10.155345],[-36.943424,-10.227544],[-36.961189,-10.235664],[-36.96256,-10.231566]]]]}},{"type":"Feature","properties":{"ibgeCode":"2803708","municipality":"Macambira","state":"SE"},"geometry":{"type":"MultiPolygon","coordinates":[[[[-37.558575,-10.619451],[-37.521459,-10.655017],[-37.518059,-10.656571],[-37.520329,-10.663066],[-37.512735,-10.670909],[-37.507901,-10.67184],[-37.505163,-10.678863],[-37.505805,-10.681953],[-37.502235,-10.683349],[-37.500797,-10.688531],[-37.509663,-10.689758],[-37.518501,-10.688112],[-37.533079,-10.689029],[-37.535235,-10.694318],[-37.550205,-10.697667],[-37.554302,-10.696476],[-37.561101,-10.691394],[-37.575022,-10.689008],[-37.580061,-10.683123],[-37.586489,-10.680893],[-37.587104,-10.684475],[-37.589553,-10.684968],[-37.590949,-10.687291],[-37.590636,-10.693204],[-37.592862,-10.694749],[-37.594432,-10.693661],[-37.595367,-10.697593],[-37.603944,-10.693961],[-37.605854,-10.695085],[-37.607507,-10.700229],[-37.605213,-10.709335],[-37.607401,-10.706907],[-37.6112,-10.707922],[-37.611397,-10.711486],[-37.609474,-10.711458],[-37.611796,-10.713324],[-37.618237,-10.712427],[-37.618619,-10.708352],[-37.620755,-10.706791],[-37.630845,-10.708891],[-37.636902,-10.713242],[-37.644561,-10.710957],[-37.647075,-10.708577],[-37.64212,-10.699601],[-37.645925,-10.696415],[-37.647708,-10.697341],[-37.652802,-10.708599],[-37.662858,-10.717281],[-37.662941,-10.712018],[-37.666353,-10.707989],[-37.660459,-10.701386],[-37.664593,-10.693525],[-37.663967,-10.68129],[-37.668625,-10.6749],[-37.665751,-10.66546],[-37.661075,-10.658032],[-37.662114,-10.654933],[-37.655151,-10.648932],[-37.656098,-10.645248],[-37.651261,-10.635228],[-37.651459,-10.62142],[-37.646629,-10.610427],[-37.640282,-10.604721],[-37.612448,-10.609742],[-37.558575,-10.619451]]]]}},{"type":"Feature","properties":{"ibgeCode":"2807204","municipality":"Siriri","state":"SE"},"geometry":{"type":"MultiPolygon","coordinates":[[[[-37.075727,-10.631299],[-37.091883,-10.640829],[-37.093273,-10.638348],[-37.099635,-10.644435],[-37.108272,-10.64393],[-37.112451,-10.647159],[-37.12708,-10.648041],[-37.132892,-10.651568],[-37.142365,-10.644547],[-37.146029,-10.636449],[-37.143383,-10.62523],[-37.149436,-10.624621],[-37.150846,-10.628435],[-37.158904,-10.627789],[-37.15751,-10.6252],[-37.152065,-10.623124],[-37.150496,-10.620849],[-37.177901,-10.625476],[-37.207271,-10.607593],[-37.205196,-10.602],[-37.201,-10.601584],[-37.200776,-10.597324],[-37.197061,-10.596139],[-37.191455,-10.590502],[-37.187612,-10.590085],[-37.184985,-10.583359],[-37.183136,-10.584155],[-37.176145,-10.580252],[-37.176241,-10.576889],[-37.170796,-10.570643],[-37.180814,-10.562802],[-37.139668,-10.507033],[-37.138669,-10.470131],[-37.122478,-10.475753],[-37.114406,-10.482479],[-37.113093,-10.493498],[-37.102715,-10.50615],[-37.101466,-10.511403],[-37.103132,-10.524439],[-37.102427,-10.530589],[-37.080374,-10.527374],[-37.065032,-10.530477],[-37.067418,-10.534833],[-37.066089,-10.540935],[-37.068251,-10.54614],[-37.071069,-10.548173],[-37.070429,-10.552065],[-37.073231,-10.556693],[-37.072815,-10.566815],[-37.068507,-10.573013],[-37.071149,-10.576328],[-37.073808,-10.577017],[-37.076979,-10.584224],[-37.075409,-10.588227],[-37.073151,-10.589557],[-37.06705,-10.589781],[-37.065336,-10.592792],[-37.065768,-10.600031],[-37.064311,-10.603842],[-37.066697,-10.609367],[-37.072174,-10.613627],[-37.07558,-10.630213],[-37.075727,-10.631299]]]]}},{"type":"Feature","properties":{"ibgeCode":"2802403","municipality":"Gararu","state":"SE"},"geometry":{"type":"MultiPolygon","coordinates":[[[[-37.006705,-10.03768],[-37.029784,-10.056938],[-37.062024,-10.061547],[-37.10268,-10.051012],[-37.103274,-10.055749],[-37.104787,-10.053605],[-37.111794,-10.051581],[-37.124718,-10.056978],[-37.128002,-10.057286],[-37.131083,-10.054101],[-37.138439,-10.056902],[-37.139361,-10.053151],[-37.146713,-10.051329],[-37.151706,-10.05087],[-37.159319,-10.052792],[-37.173122,-10.04938],[-37.172916,-10.047072],[-37.178453,-10.040514],[-37.180329,-10.034539],[-37.192588,-10.026279],[-37.196949,-10.025694],[-37.193338,-10.030474],[-37.188729,-10.030637],[-37.190612,-10.034003],[-37.187125,-10.039006],[-37.188989,-10.047243],[-37.192452,-10.048578],[-37.19256,-10.051944],[-37.184444,-10.054987],[-37.185959,-10.05762],[-37.190384,-10.058113],[-37.189049,-10.061649],[-37.193643,-10.062683],[-37.197863,-10.069152],[-37.194761,-10.068755],[-37.189939,-10.070992],[-37.186356,-10.066422],[-37.184131,-10.073433],[-37.187125,-10.075609],[-37.19345,-10.07401],[-37.196973,-10.075297],[-37.199463,-10.081117],[-37.210285,-10.076932],[-37.212281,-10.077473],[-37.210862,-10.080215],[-37.213023,-10.082427],[-37.210032,-10.088115],[-37.205138,-10.092504],[-37.205114,-10.095859],[-37.206738,-10.096304],[-37.212173,-10.092324],[-37.214662,-10.093574],[-37.215516,-10.090364],[-37.218005,-10.090015],[-37.219484,-10.092264],[-37.213648,-10.099353],[-37.215331,-10.1034],[-37.22059,-10.102304],[-37.222719,-10.099358],[-37.225965,-10.101631],[-37.229236,-10.100452],[-37.229825,-10.104854],[-37.23217,-10.107487],[-37.23021,-10.110024],[-37.233012,-10.113151],[-37.230944,-10.117083],[-37.229489,-10.11493],[-37.226591,-10.114882],[-37.22546,-10.11178],[-37.220092,-10.113621],[-37.226242,-10.1176],[-37.226795,-10.119993],[-37.224847,-10.120859],[-37.223777,-10.118321],[-37.220422,-10.122181],[-37.222299,-10.125196],[-37.218294,-10.131128],[-37.22106,-10.133365],[-37.223596,-10.133172],[-37.222298,-10.135361],[-37.219917,-10.134976],[-37.221079,-10.138493],[-37.218988,-10.139546],[-37.220322,-10.14186],[-37.223022,-10.141564],[-37.224371,-10.143477],[-37.223363,-10.146858],[-37.221168,-10.147125],[-37.219596,-10.149646],[-37.220574,-10.155371],[-37.223926,-10.157507],[-37.225083,-10.155727],[-37.223985,-10.154362],[-37.228642,-10.152583],[-37.228316,-10.153918],[-37.231253,-10.156587],[-37.23063,-10.15896],[-37.238787,-10.158871],[-37.238178,-10.155727],[-37.240062,-10.152345],[-37.241664,-10.152672],[-37.244823,-10.147303],[-37.246528,-10.147392],[-37.249226,-10.150391],[-37.249554,-10.154125],[-37.255649,-10.152123],[-37.256658,-10.155742],[-37.260662,-10.154748],[-37.261329,-10.155742],[-37.259179,-10.157462],[-37.262011,-10.158797],[-37.261907,-10.1635],[-37.266045,-10.16375],[-37.267128,-10.166553],[-37.271533,-10.164225],[-37.274306,-10.168466],[-37.279467,-10.171255],[-37.283427,-10.169505],[-37.284851,-10.166108],[-37.282804,-10.164195],[-37.282166,-10.158055],[-37.28537,-10.155845],[-37.289834,-10.157625],[-37.297264,-10.154763],[-37.307423,-10.155742],[-37.314942,-10.154288],[-37.31962,-10.162992],[-37.323746,-10.164424],[-37.32671,-10.161635],[-37.330852,-10.165631],[-37.336229,-10.165189],[-37.336936,-10.169965],[-37.340431,-10.16721],[-37.341847,-10.163793],[-37.345412,-10.166039],[-37.345333,-10.163864],[-37.347441,-10.163685],[-37.347399,-10.161896],[-37.340459,-10.157287],[-37.340309,-10.155253],[-37.345702,-10.153153],[-37.343154,-10.141184],[-37.340825,-10.133384],[-37.337508,-10.130863],[-37.33442,-10.125011],[-37.33819,-10.120812],[-37.34709,-10.11712],[-37.351175,-10.111341],[-37.355731,-10.109684],[-37.358044,-10.113271],[-37.374857,-10.09743],[-37.384779,-10.095245],[-37.384176,-10.088581],[-37.38011,-10.083987],[-37.390163,-10.081314],[-37.396187,-10.075779],[-37.397543,-10.07111],[-37.403793,-10.067006],[-37.419766,-10.061694],[-37.4166,-10.056546],[-37.409423,-10.05142],[-37.401873,-10.052849],[-37.400195,-10.044616],[-37.397554,-10.044802],[-37.394541,-10.049649],[-37.39103,-10.043745],[-37.392288,-10.040825],[-37.382408,-10.038013],[-37.381786,-10.036584],[-37.384726,-10.030377],[-37.3752,-10.025088],[-37.379767,-10.022572],[-37.37973,-10.020744],[-37.378245,-10.0199],[-37.373802,-10.022479],[-37.37231,-10.021049],[-37.372093,-10.016296],[-37.377126,-10.014338],[-37.379487,-10.009958],[-37.375138,-10.010361],[-37.371627,-10.007596],[-37.366873,-10.006975],[-37.363922,-10.008715],[-37.364916,-10.015581],[-37.357677,-10.012971],[-37.354042,-10.015612],[-37.35109,-10.014338],[-37.349412,-10.012692],[-37.347393,-10.002843],[-37.355626,-10.003806],[-37.351618,-9.994236],[-37.349319,-9.993895],[-37.347672,-10.000108],[-37.341085,-9.9984],[-37.340153,-9.996536],[-37.342515,-9.994485],[-37.342142,-9.990694],[-37.337388,-9.986283],[-37.33192,-9.992931],[-37.332107,-9.9984],[-37.334375,-10.000015],[-37.333753,-10.004613],[-37.32987,-10.004955],[-37.32757,-10.009336],[-37.331765,-10.012909],[-37.332044,-10.015892],[-37.316323,-10.008808],[-37.314273,-10.000792],[-37.306257,-9.999487],[-37.300633,-10.003495],[-37.295786,-10.015581],[-37.293549,-10.015861],[-37.285347,-10.008124],[-37.285378,-9.998089],[-37.287149,-9.99377],[-37.283762,-9.989017],[-37.280966,-9.987588],[-37.266612,-9.993491],[-37.264841,-9.993025],[-37.272267,-9.969505],[-37.270713,-9.96211],[-37.266177,-9.960433],[-37.260274,-9.964441],[-37.257706,-9.958715],[-37.234063,-9.958473],[-37.231285,-9.912716],[-37.228039,-9.907417],[-37.226251,-9.897717],[-37.217159,-9.900052],[-37.193585,-9.896118],[-37.180673,-9.899417],[-37.165187,-9.893363],[-37.146025,-9.904204],[-37.137983,-9.912526],[-37.131164,-9.915185],[-37.126082,-9.920276],[-37.113886,-9.925623],[-37.106305,-9.939426],[-37.093676,-9.945787],[-37.085939,-9.951696],[-37.082806,-9.957888],[-37.073412,-9.965453],[-37.075035,-9.96673],[-37.067864,-9.973452],[-37.064952,-9.9806],[-37.062405,-9.98252],[-37.050865,-9.982097],[-37.041786,-9.986435],[-37.033088,-9.987579],[-37.018162,-9.981929],[-37.009132,-9.980335],[-36.996371,-9.972375],[-36.990747,-9.975618],[-36.984706,-9.983154],[-36.979729,-9.985098],[-36.973292,-9.984364],[-36.966723,-9.98813],[-36.961686,-9.99637],[-36.953454,-10.02282],[-37.00637,-10.037587],[-37.006705,-10.03768]]]]}},{"type":"Feature","properties":{"ibgeCode":"2804201","municipality":"Monte Alegre de Sergipe","state":"SE"},"geometry":{"type":"MultiPolygon","coordinates":[[[[-37.505319,-10.104409],[-37.511874,-10.101473],[-37.514624,-10.102513],[-37.514282,-10.105714],[-37.518104,-10.109193],[-37.520418,-10.107919],[-37.521195,-10.104564],[-37.522593,-10.104579],[-37.524041,-10.105697],[-37.523852,-10.110685],[-37.532862,-10.114227],[-37.534213,-10.11143],[-37.539542,-10.109644],[-37.541639,-10.115081],[-37.54389,-10.114672],[-37.546129,-10.111788],[-37.553849,-10.113062],[-37.553275,-10.116402],[-37.557251,-10.122382],[-37.560731,-10.119493],[-37.559755,-10.115882],[-37.563092,-10.11258],[-37.562393,-10.107096],[-37.568297,-10.108106],[-37.570968,-10.103259],[-37.57712,-10.101768],[-37.583396,-10.0947],[-37.584592,-10.095352],[-37.583723,-10.090971],[-37.588896,-10.089775],[-37.590573,-10.091593],[-37.590185,-10.09442],[-37.594193,-10.096595],[-37.59626,-10.096834],[-37.597937,-10.09369],[-37.601976,-10.096408],[-37.602551,-10.101193],[-37.60429,-10.103088],[-37.608749,-10.100432],[-37.610675,-10.096004],[-37.616625,-10.095476],[-37.622016,-10.103477],[-37.621254,-10.105248],[-37.622466,-10.106475],[-37.630001,-10.102343],[-37.635842,-10.107283],[-37.637659,-10.110871],[-37.645799,-10.110887],[-37.652274,-10.121099],[-37.657513,-10.120372],[-37.660276,-10.123712],[-37.659977,-10.127495],[-37.661573,-10.128919],[-37.667429,-10.125585],[-37.670482,-10.130004],[-37.678323,-10.125539],[-37.678907,-10.1224],[-37.682943,-10.123951],[-37.68765,-10.121792],[-37.69373,-10.12568],[-37.695468,-10.128504],[-37.697594,-10.128364],[-37.699617,-10.125764],[-37.703322,-10.125528],[-37.708218,-10.121683],[-37.716721,-10.120638],[-37.720156,-10.118668],[-37.723712,-10.11952],[-37.725514,-10.115211],[-37.730888,-10.111347],[-37.736463,-10.111876],[-37.739541,-10.109554],[-37.744251,-10.112476],[-37.746112,-10.112001],[-37.751943,-10.10735],[-37.756966,-10.107158],[-37.758392,-10.10519],[-37.767075,-10.102553],[-37.767794,-10.1011],[-37.769565,-10.102141],[-37.777268,-10.098115],[-37.777135,-10.10315],[-37.784443,-10.104133],[-37.784691,-10.105825],[-37.779595,-10.133577],[-37.785543,-10.129396],[-37.791506,-10.120543],[-37.793518,-10.120375],[-37.798021,-10.114574],[-37.802014,-10.112447],[-37.798802,-10.104065],[-37.79857,-10.097782],[-37.800482,-10.091709],[-37.799567,-10.089747],[-37.794559,-10.087224],[-37.79194,-10.071259],[-37.790473,-10.070286],[-37.788373,-10.07141],[-37.782644,-10.043598],[-37.790756,-10.032897],[-37.789939,-10.032266],[-37.787228,-10.031612],[-37.782291,-10.033639],[-37.777615,-10.031937],[-37.775413,-10.033216],[-37.773821,-10.029782],[-37.769571,-10.031869],[-37.768029,-10.030254],[-37.764568,-10.031017],[-37.759819,-10.028518],[-37.760934,-10.027007],[-37.75962,-10.02579],[-37.757567,-10.028037],[-37.752495,-10.025177],[-37.751685,-10.027143],[-37.747197,-10.026464],[-37.744222,-10.029937],[-37.7422,-10.029153],[-37.742817,-10.027583],[-37.738455,-10.028968],[-37.738701,-10.024689],[-37.732449,-10.020764],[-37.731029,-10.024001],[-37.726051,-10.024925],[-37.726157,-10.027255],[-37.723974,-10.028383],[-37.721346,-10.0261],[-37.718996,-10.026148],[-37.716204,-10.021838],[-37.713919,-10.0218],[-37.702058,-10.013753],[-37.698138,-10.019438],[-37.699485,-10.021773],[-37.691362,-10.019895],[-37.691318,-10.022005],[-37.687631,-10.023093],[-37.684566,-10.028379],[-37.679546,-10.025581],[-37.673816,-10.026336],[-37.670995,-10.02276],[-37.668352,-10.022471],[-37.668877,-10.018978],[-37.667286,-10.016208],[-37.662266,-10.012785],[-37.659221,-10.014369],[-37.655213,-10.013313],[-37.651237,-10.018067],[-37.647228,-10.018937],[-37.645116,-10.022447],[-37.637069,-10.01816],[-37.632968,-10.023783],[-37.628835,-10.021142],[-37.628245,-10.023162],[-37.625635,-10.0231],[-37.62666,-10.025461],[-37.625542,-10.025989],[-37.624175,-10.025026],[-37.614606,-10.026455],[-37.613551,-10.02343],[-37.608951,-10.01962],[-37.602799,-10.019061],[-37.599537,-10.022354],[-37.596243,-10.022416],[-37.59758,-10.021049],[-37.595289,-10.016128],[-37.590403,-10.016793],[-37.59003,-10.013717],[-37.586177,-10.009926],[-37.588259,-10.004769],[-37.587358,-9.999674],[-37.575582,-9.997872],[-37.563199,-9.999007],[-37.470066,-10.022529],[-37.420106,-10.062237],[-37.421897,-10.06582],[-37.420433,-10.068228],[-37.413881,-10.067809],[-37.412359,-10.068958],[-37.412763,-10.075374],[-37.415388,-10.077378],[-37.418557,-10.073028],[-37.423808,-10.071226],[-37.425377,-10.066038],[-37.429276,-10.063661],[-37.430115,-10.06464],[-37.427132,-10.071615],[-37.427723,-10.076508],[-37.429338,-10.077425],[-37.435009,-10.071739],[-37.442325,-10.075405],[-37.440539,-10.084897],[-37.435708,-10.083732],[-37.432616,-10.085969],[-37.440084,-10.091293],[-37.436049,-10.0956],[-37.437164,-10.102929],[-37.444749,-10.101302],[-37.44798,-10.105279],[-37.451926,-10.102296],[-37.459491,-10.103461],[-37.460548,-10.100789],[-37.458699,-10.096719],[-37.462185,-10.095238],[-37.464758,-10.091748],[-37.468804,-10.094257],[-37.473038,-10.093146],[-37.475706,-10.09602],[-37.481147,-10.089123],[-37.48618,-10.094327],[-37.489986,-10.101286],[-37.492238,-10.101752],[-37.492503,-10.098148],[-37.495765,-10.097154],[-37.503643,-10.101958],[-37.504573,-10.104253],[-37.505319,-10.104409]]]]}},{"type":"Feature","properties":{"ibgeCode":"2805505","municipality":"Poço Verde","state":"SE"},"geometry":{"type":"MultiPolygon","coordinates":[[[[-38.177662,-10.705778],[-38.172477,-10.707592],[-38.171349,-10.71138],[-38.165337,-10.712829],[-38.162084,-10.710974],[-38.15511,-10.713601],[-38.154249,-10.715214],[-38.152054,-10.714542],[-38.148393,-10.717291],[-38.143902,-10.717733],[-38.14356,-10.719013],[-38.136517,-10.717775],[-38.132849,-10.720877],[-38.131641,-10.718719],[-38.128333,-10.720446],[-38.128777,-10.718151],[-38.127114,-10.717926],[-38.126692,-10.715862],[-38.124915,-10.718254],[-38.122193,-10.717935],[-38.12061,-10.71605],[-38.117777,-10.716955],[-38.114782,-10.714099],[-38.11313,-10.715431],[-38.112835,-10.713121],[-38.109113,-10.712637],[-38.107194,-10.712891],[-38.107847,-10.714486],[-38.098353,-10.712437],[-38.088875,-10.714216],[-38.08325,-10.712262],[-38.078018,-10.714468],[-38.067792,-10.715666],[-38.062276,-10.712617],[-38.056808,-10.711998],[-38.049694,-10.706966],[-38.048573,-10.703454],[-38.040229,-10.701109],[-38.04084,-10.70431],[-38.031875,-10.707997],[-38.03127,-10.71322],[-38.030082,-10.71361],[-38.034,-10.723435],[-38.032031,-10.727084],[-38.025032,-10.725519],[-38.023112,-10.728085],[-37.976802,-10.757933],[-37.972453,-10.757136],[-37.969371,-10.807651],[-37.970212,-10.824822],[-37.983487,-10.821039],[-37.998807,-10.819202],[-38.002612,-10.820027],[-38.016646,-10.81797],[-38.020055,-10.815243],[-38.024971,-10.816167],[-38.027853,-10.814913],[-38.02991,-10.816959],[-38.032252,-10.81598],[-38.046071,-10.81854],[-38.057042,-10.817388],[-38.060506,-10.819906],[-38.061375,-10.818201],[-38.066665,-10.819697],[-38.067204,-10.817728],[-38.074254,-10.818201],[-38.078774,-10.822018],[-38.081963,-10.820687],[-38.082711,-10.822414],[-38.086351,-10.82193],[-38.085923,-10.824481],[-38.090969,-10.825754],[-38.09173,-10.828603],[-38.096129,-10.827418],[-38.097894,-10.83042],[-38.102442,-10.829892],[-38.108106,-10.836271],[-38.114781,-10.834006],[-38.114627,-10.835699],[-38.117982,-10.836832],[-38.117355,-10.842771],[-38.123404,-10.846752],[-38.123184,-10.848193],[-38.126604,-10.851152],[-38.127066,-10.856585],[-38.124108,-10.857157],[-38.124141,-10.860225],[-38.122238,-10.86116],[-38.1195,-10.86777],[-38.123239,-10.875578],[-38.124009,-10.882518],[-38.130731,-10.893414],[-38.136628,-10.894328],[-38.1387,-10.900196],[-38.150122,-10.900835],[-38.154994,-10.899648],[-38.160447,-10.902503],[-38.162653,-10.908349],[-38.162866,-10.919939],[-38.167961,-10.921686],[-38.170403,-10.926757],[-38.168734,-10.933725],[-38.169596,-10.937454],[-38.166987,-10.939828],[-38.167637,-10.940746],[-38.172732,-10.941642],[-38.174658,-10.940388],[-38.17963,-10.943019],[-38.18813,-10.940258],[-38.192149,-10.939721],[-38.194225,-10.94183],[-38.199445,-10.939761],[-38.202829,-10.935045],[-38.19908,-10.928074],[-38.204064,-10.924828],[-38.203862,-10.922563],[-38.20696,-10.922649],[-38.20869,-10.928896],[-38.210963,-10.931211],[-38.215254,-10.922695],[-38.220603,-10.921634],[-38.221168,-10.919348],[-38.228168,-10.914184],[-38.229582,-10.894456],[-38.233896,-10.884061],[-38.236417,-10.882031],[-38.236692,-10.869464],[-38.238884,-10.866877],[-38.236036,-10.863524],[-38.23694,-10.859852],[-38.238346,-10.86],[-38.236164,-10.854926],[-38.237463,-10.852681],[-38.231891,-10.846748],[-38.231398,-10.842934],[-38.233135,-10.84189],[-38.232321,-10.840433],[-38.233822,-10.837706],[-38.235404,-10.837729],[-38.234905,-10.834152],[-38.239266,-10.826376],[-38.243153,-10.825995],[-38.245009,-10.822641],[-38.234404,-10.812128],[-38.236719,-10.808801],[-38.238345,-10.800185],[-38.235639,-10.794629],[-38.232052,-10.793903],[-38.23246,-10.79094],[-38.223619,-10.78742],[-38.218589,-10.783297],[-38.215664,-10.768246],[-38.20936,-10.760435],[-38.209498,-10.756199],[-38.21464,-10.747241],[-38.212633,-10.741666],[-38.212812,-10.734602],[-38.213184,-10.73105],[-38.216519,-10.726806],[-38.213847,-10.724497],[-38.214563,-10.723344],[-38.209269,-10.711979],[-38.205853,-10.711962],[-38.202717,-10.709537],[-38.196807,-10.710237],[-38.192591,-10.707999],[-38.188269,-10.709816],[-38.188223,-10.708318],[-38.183394,-10.705363],[-38.177782,-10.70578],[-38.177662,-10.705778]]]]}},{"type":"Feature","properties":{"ibgeCode":"2800704","municipality":"Brejo Grande","state":"SE"},"geometry":{"type":"MultiPolygon","coordinates":[[[[-36.499413,-10.512986],[-36.585563,-10.499783],[-36.528512,-10.466398],[-36.511322,-10.445571],[-36.484097,-10.43716],[-36.489411,-10.424527],[-36.472318,-10.414756],[-36.466573,-10.409479],[-36.459859,-10.409475],[-36.45151,-10.41367],[-36.427629,-10.433515],[-36.421952,-10.442857],[-36.403575,-10.486978],[-36.395941,-10.496872],[-36.40813,-10.509597],[-36.408799,-10.512692],[-36.43303,-10.515946],[-36.48619,-10.536383],[-36.497677,-10.538465],[-36.495707,-10.535018],[-36.486895,-10.531944],[-36.48464,-10.528623],[-36.499413,-10.512986]]]]}},{"type":"Feature","properties":{"ibgeCode":"2806800","municipality":"São Domingos","state":"SE"},"geometry":{"type":"MultiPolygon","coordinates":[[[[-37.565971,-10.836406],[-37.573074,-10.839506],[-37.582074,-10.836126],[-37.590483,-10.8282],[-37.595426,-10.825729],[-37.600065,-10.814413],[-37.610224,-10.812276],[-37.610162,-10.807118],[-37.61331,-10.802315],[-37.614282,-10.796281],[-37.609583,-10.789628],[-37.60403,-10.788012],[-37.599887,-10.778779],[-37.604941,-10.776867],[-37.608002,-10.765464],[-37.612112,-10.761262],[-37.614583,-10.754973],[-37.619293,-10.753826],[-37.618889,-10.750371],[-37.620238,-10.74873],[-37.626712,-10.747575],[-37.632362,-10.749647],[-37.633483,-10.748453],[-37.62848,-10.74277],[-37.630069,-10.734638],[-37.632096,-10.733272],[-37.631043,-10.726504],[-37.616014,-10.714173],[-37.617425,-10.711928],[-37.61393,-10.714003],[-37.611796,-10.713324],[-37.609474,-10.711458],[-37.611397,-10.711486],[-37.611312,-10.708009],[-37.607972,-10.706937],[-37.605213,-10.709335],[-37.607507,-10.700229],[-37.604413,-10.694005],[-37.595367,-10.697593],[-37.594727,-10.695819],[-37.588723,-10.703095],[-37.585341,-10.714368],[-37.587972,-10.72222],[-37.560019,-10.757325],[-37.566209,-10.767829],[-37.557882,-10.781555],[-37.549556,-10.783589],[-37.543757,-10.780309],[-37.542738,-10.782195],[-37.540712,-10.781443],[-37.53637,-10.783016],[-37.535779,-10.784973],[-37.535047,-10.782646],[-37.53367,-10.784022],[-37.531825,-10.782916],[-37.532505,-10.784513],[-37.527987,-10.784387],[-37.526652,-10.787072],[-37.530119,-10.790823],[-37.527297,-10.79042],[-37.52335,-10.79223],[-37.522611,-10.794099],[-37.519833,-10.792631],[-37.522811,-10.799752],[-37.520562,-10.800368],[-37.518142,-10.79811],[-37.516076,-10.798962],[-37.517186,-10.803618],[-37.519809,-10.803056],[-37.520112,-10.805303],[-37.524538,-10.809871],[-37.523923,-10.811661],[-37.522247,-10.809809],[-37.519635,-10.811495],[-37.520619,-10.815318],[-37.523614,-10.816583],[-37.524568,-10.819558],[-37.513152,-10.825361],[-37.511582,-10.825477],[-37.511132,-10.823577],[-37.508558,-10.82559],[-37.506886,-10.824301],[-37.504185,-10.82778],[-37.498703,-10.830336],[-37.496266,-10.8341],[-37.509163,-10.83486],[-37.510872,-10.842456],[-37.517303,-10.845332],[-37.530419,-10.839947],[-37.537006,-10.841195],[-37.544563,-10.835199],[-37.551963,-10.840367],[-37.559978,-10.837678],[-37.563016,-10.835067],[-37.565111,-10.836445],[-37.565971,-10.836406]]]]}},{"type":"Feature","properties":{"ibgeCode":"2801207","municipality":"Canindé de São Francisco","state":"SE"},"geometry":{"type":"MultiPolygon","coordinates":[[[[-37.718538,-9.723887],[-37.786462,-9.814036],[-37.803298,-9.805836],[-37.813004,-9.794823],[-37.822353,-9.793833],[-37.826354,-9.791614],[-37.854588,-9.784409],[-37.854807,-9.793433],[-37.859865,-9.805667],[-37.862962,-9.824143],[-37.869557,-9.8409],[-37.866653,-9.844644],[-37.872423,-9.881868],[-37.87137,-9.889556],[-37.865524,-9.896193],[-37.877125,-9.908549],[-37.881514,-9.909413],[-37.887179,-9.913772],[-37.891545,-9.914092],[-37.896008,-9.91197],[-37.899521,-9.913397],[-37.902057,-9.918926],[-37.903239,-9.914665],[-37.907933,-9.910744],[-37.912336,-9.918451],[-37.917851,-9.919958],[-37.91928,-9.92205],[-37.918711,-9.924423],[-37.921342,-9.926048],[-37.923902,-9.9255],[-37.925345,-9.928788],[-37.930017,-9.930932],[-37.930624,-9.935104],[-37.935336,-9.93723],[-37.937035,-9.93973],[-37.940731,-9.938527],[-37.944529,-9.943223],[-37.947437,-9.94142],[-37.955432,-9.943],[-37.96243,-9.940264],[-37.964194,-9.937424],[-37.975029,-9.93693],[-37.982802,-9.926102],[-37.98418,-9.917867],[-37.988593,-9.920323],[-37.996755,-9.91866],[-38.000036,-9.908715],[-38.0035,-9.905514],[-38.001684,-9.903619],[-37.998365,-9.905925],[-37.994182,-9.901392],[-37.992123,-9.894308],[-37.994731,-9.883688],[-37.994099,-9.880706],[-37.995165,-9.878487],[-38.003433,-9.873185],[-38.004278,-9.870466],[-38.007183,-9.868718],[-38.010443,-9.858652],[-38.01398,-9.857268],[-38.012621,-9.854344],[-38.010127,-9.854014],[-38.006338,-9.856967],[-38.002262,-9.857074],[-37.995444,-9.846079],[-37.996344,-9.844202],[-38.000766,-9.843469],[-38.003069,-9.838801],[-38.000451,-9.83443],[-38.000264,-9.827887],[-37.998319,-9.826087],[-38.000442,-9.822533],[-37.999971,-9.814326],[-38.005111,-9.812938],[-38.008795,-9.808566],[-38.012026,-9.808656],[-38.016755,-9.802134],[-38.018628,-9.801972],[-38.018312,-9.800068],[-38.020426,-9.797863],[-38.018354,-9.79572],[-38.02104,-9.793572],[-38.018932,-9.792438],[-38.020598,-9.792507],[-38.021616,-9.787981],[-38.018215,-9.786641],[-38.017972,-9.78348],[-38.019928,-9.781175],[-38.020218,-9.777372],[-38.028745,-9.775886],[-38.028634,-9.773562],[-38.032537,-9.770275],[-38.030418,-9.765916],[-38.032314,-9.765193],[-38.031105,-9.761995],[-38.034281,-9.759801],[-38.033365,-9.755961],[-38.038619,-9.750095],[-38.036781,-9.739691],[-38.041224,-9.732581],[-38.039398,-9.727634],[-38.043289,-9.723399],[-38.044044,-9.718711],[-38.042783,-9.704373],[-38.044945,-9.696863],[-38.04199,-9.693148],[-38.043467,-9.690562],[-38.041271,-9.686829],[-38.0343,-9.686716],[-38.032219,-9.660687],[-38.027095,-9.655735],[-38.024933,-9.656025],[-38.022962,-9.65983],[-38.020757,-9.660197],[-38.015879,-9.653178],[-38.008961,-9.649058],[-38.013076,-9.647084],[-38.012969,-9.644873],[-38.017283,-9.643107],[-38.016655,-9.638874],[-38.020685,-9.636826],[-38.02608,-9.637284],[-38.032896,-9.63496],[-38.037188,-9.628047],[-38.040298,-9.627619],[-38.048872,-9.632393],[-38.055624,-9.632201],[-38.052067,-9.628601],[-38.051147,-9.623269],[-38.055871,-9.614242],[-38.052547,-9.605277],[-38.056678,-9.601985],[-38.060416,-9.595329],[-38.059447,-9.59346],[-38.061704,-9.591163],[-38.061006,-9.58753],[-38.056246,-9.586263],[-38.050732,-9.588562],[-38.046609,-9.586506],[-38.045449,-9.583847],[-38.037948,-9.581973],[-38.037026,-9.580277],[-38.039822,-9.578225],[-38.042027,-9.573511],[-38.037251,-9.569213],[-38.0317,-9.567343],[-38.030888,-9.574143],[-38.028518,-9.574999],[-38.027005,-9.573857],[-38.026617,-9.568109],[-38.019367,-9.562954],[-38.020901,-9.560914],[-38.01864,-9.550678],[-38.02387,-9.54849],[-38.022616,-9.540665],[-38.014959,-9.535478],[-38.014184,-9.527829],[-38.006645,-9.520808],[-38.00329,-9.51503],[-37.98933,-9.527359],[-37.985293,-9.527229],[-37.977797,-9.531454],[-37.956295,-9.534083],[-37.948187,-9.538819],[-37.935399,-9.541912],[-37.92243,-9.547835],[-37.914248,-9.548589],[-37.893489,-9.539402],[-37.88617,-9.550167],[-37.837537,-9.583283],[-37.833111,-9.594886],[-37.823775,-9.591297],[-37.818248,-9.592894],[-37.816443,-9.597724],[-37.811316,-9.601714],[-37.809764,-9.607022],[-37.807068,-9.610105],[-37.791515,-9.622823],[-37.79031,-9.633044],[-37.786822,-9.636185],[-37.786127,-9.638913],[-37.753514,-9.626466],[-37.746228,-9.624853],[-37.738319,-9.625736],[-37.724881,-9.629984],[-37.709475,-9.630299],[-37.705205,-9.634498],[-37.681504,-9.646287],[-37.670392,-9.655979],[-37.669093,-9.65834],[-37.715117,-9.719357],[-37.718538,-9.723887]]]]}},{"type":"Feature","properties":{"ibgeCode":"2807303","municipality":"Telha","state":"SE"},"geometry":{"type":"MultiPolygon","coordinates":[[[[-36.887933,-10.226758],[-36.929028,-10.222829],[-36.943424,-10.227544],[-36.882572,-10.14746],[-36.871417,-10.146515],[-36.868591,-10.148613],[-36.866272,-10.156087],[-36.855749,-10.164857],[-36.848903,-10.182817],[-36.844931,-10.188757],[-36.848598,-10.189079],[-36.85388,-10.177933],[-36.857558,-10.17651],[-36.867238,-10.205772],[-36.867709,-10.228199],[-36.887933,-10.226758]]]]}},{"type":"Feature","properties":{"ibgeCode":"2802502","municipality":"General Maynard","state":"SE"},"geometry":{"type":"MultiPolygon","coordinates":[[[[-36.943694,-10.685769],[-36.916633,-10.685569],[-36.935037,-10.695473],[-36.942809,-10.706151],[-36.949884,-10.712735],[-36.96126,-10.70401],[-36.969146,-10.705604],[-36.973645,-10.70385],[-36.975362,-10.701454],[-36.98065,-10.700772],[-36.988813,-10.703661],[-36.994517,-10.702521],[-37.005682,-10.696474],[-37.008943,-10.691247],[-37.012824,-10.689964],[-37.01642,-10.684835],[-37.010914,-10.681412],[-37.01248,-10.679451],[-37.011316,-10.675763],[-36.974562,-10.685201],[-36.944011,-10.685763],[-36.943694,-10.685769]]]]}},{"type":"Feature","properties":{"ibgeCode":"2806008","municipality":"Ribeirópolis","state":"SE"},"geometry":{"type":"MultiPolygon","coordinates":[[[[-37.411247,-10.41556],[-37.368844,-10.450848],[-37.368182,-10.454725],[-37.369945,-10.460169],[-37.366848,-10.465166],[-37.36582,-10.47077],[-37.360492,-10.47745],[-37.359786,-10.483545],[-37.346807,-10.50683],[-37.319629,-10.539436],[-37.321123,-10.542281],[-37.324222,-10.541469],[-37.32795,-10.543542],[-37.330051,-10.541676],[-37.330061,-10.542943],[-37.333557,-10.543848],[-37.333343,-10.542105],[-37.336255,-10.539982],[-37.342839,-10.541004],[-37.345293,-10.538949],[-37.350465,-10.544033],[-37.354274,-10.54343],[-37.357069,-10.547238],[-37.363643,-10.549741],[-37.363858,-10.558984],[-37.37461,-10.562062],[-37.377123,-10.567146],[-37.381262,-10.570818],[-37.392819,-10.577976],[-37.394543,-10.58232],[-37.422644,-10.576291],[-37.459745,-10.59431],[-37.474501,-10.566459],[-37.502259,-10.527904],[-37.511018,-10.506016],[-37.547539,-10.46182],[-37.474513,-10.459909],[-37.421059,-10.40178],[-37.411247,-10.41556]]]]}},{"type":"Feature","properties":{"ibgeCode":"2803807","municipality":"Malhada dos Bois","state":"SE"},"geometry":{"type":"MultiPolygon","coordinates":[[[[-36.913765,-10.375671],[-36.915757,-10.393415],[-36.969287,-10.337437],[-37.009345,-10.302315],[-36.956146,-10.289979],[-36.933725,-10.276146],[-36.935884,-10.306681],[-36.902663,-10.324212],[-36.900749,-10.350121],[-36.90643,-10.357759],[-36.912559,-10.36955],[-36.913619,-10.374842],[-36.913765,-10.375671]]]]}},{"type":"Feature","properties":{"ibgeCode":"2805604","municipality":"Porto da Folha","state":"SE"},"geometry":{"type":"MultiPolygon","coordinates":[[[[-37.232498,-9.932702],[-37.234063,-9.958473],[-37.257706,-9.958715],[-37.260274,-9.964441],[-37.266177,-9.960433],[-37.270713,-9.96211],[-37.272267,-9.969505],[-37.264841,-9.993025],[-37.266612,-9.993491],[-37.280966,-9.987588],[-37.283762,-9.989017],[-37.287149,-9.99377],[-37.285378,-9.998089],[-37.285347,-10.008124],[-37.293549,-10.015861],[-37.295786,-10.015581],[-37.300633,-10.003495],[-37.306257,-9.999487],[-37.314273,-10.000792],[-37.316323,-10.008808],[-37.332044,-10.015892],[-37.331765,-10.012909],[-37.32757,-10.009336],[-37.32987,-10.004955],[-37.333753,-10.004613],[-37.334375,-10.000015],[-37.332107,-9.9984],[-37.33192,-9.992931],[-37.337388,-9.986283],[-37.342142,-9.990694],[-37.342515,-9.994485],[-37.340153,-9.996536],[-37.341085,-9.9984],[-37.347672,-10.000108],[-37.349319,-9.993895],[-37.351618,-9.994236],[-37.355626,-10.003806],[-37.347393,-10.002843],[-37.349412,-10.012692],[-37.35109,-10.014338],[-37.354042,-10.015612],[-37.357677,-10.012971],[-37.364916,-10.015581],[-37.363922,-10.008715],[-37.366873,-10.006975],[-37.371627,-10.007596],[-37.375138,-10.010361],[-37.379487,-10.009958],[-37.377126,-10.014338],[-37.372093,-10.016296],[-37.37231,-10.021049],[-37.373802,-10.022479],[-37.378245,-10.0199],[-37.37973,-10.020744],[-37.379767,-10.022572],[-37.3752,-10.025088],[-37.384726,-10.030377],[-37.381786,-10.036584],[-37.382408,-10.038013],[-37.392288,-10.040825],[-37.39103,-10.043745],[-37.394541,-10.049649],[-37.397554,-10.044802],[-37.400195,-10.044616],[-37.401873,-10.052849],[-37.409423,-10.05142],[-37.4166,-10.056546],[-37.420106,-10.062237],[-37.470066,-10.022529],[-37.563199,-9.999007],[-37.575582,-9.997872],[-37.58655,-9.999176],[-37.588259,-10.004769],[-37.586177,-10.009926],[-37.59003,-10.013717],[-37.590403,-10.016793],[-37.595289,-10.016128],[-37.59758,-10.021049],[-37.596243,-10.022416],[-37.597455,-10.022882],[-37.602799,-10.019061],[-37.608951,-10.01962],[-37.613551,-10.02343],[-37.614606,-10.026455],[-37.624175,-10.025026],[-37.625542,-10.025989],[-37.62666,-10.025461],[-37.625635,-10.0231],[-37.628245,-10.023162],[-37.628835,-10.021142],[-37.632968,-10.023783],[-37.637069,-10.01816],[-37.645799,-10.02223],[-37.646576,-10.019527],[-37.651237,-10.018067],[-37.655213,-10.013313],[-37.659221,-10.014369],[-37.662266,-10.012785],[-37.666231,-10.015736],[-37.665016,-9.999481],[-37.650054,-9.992821],[-37.643382,-9.984818],[-37.643223,-9.981517],[-37.6412,-9.978977],[-37.627936,-9.97262],[-37.619557,-9.974005],[-37.607619,-9.968511],[-37.509032,-9.818207],[-37.465956,-9.748026],[-37.435594,-9.755834],[-37.424922,-9.761566],[-37.412563,-9.761559],[-37.408022,-9.764109],[-37.393619,-9.779235],[-37.381633,-9.780488],[-37.363004,-9.787348],[-37.349103,-9.789808],[-37.343783,-9.793871],[-37.338271,-9.803214],[-37.322776,-9.819736],[-37.300509,-9.831561],[-37.291519,-9.828907],[-37.28522,-9.830629],[-37.271206,-9.844065],[-37.264023,-9.847369],[-37.260878,-9.850702],[-37.256651,-9.86338],[-37.249511,-9.875162],[-37.249178,-9.885359],[-37.245537,-9.891843],[-37.238483,-9.896493],[-37.226251,-9.897717],[-37.228039,-9.907417],[-37.231285,-9.912716],[-37.232498,-9.932702]]]]}},{"type":"Feature","properties":{"ibgeCode":"2806909","municipality":"São Francisco","state":"SE"},"geometry":{"type":"MultiPolygon","coordinates":[[[[-36.875306,-10.297124],[-36.873236,-10.296173],[-36.867639,-10.287275],[-36.851358,-10.273935],[-36.849286,-10.267323],[-36.84445,-10.261904],[-36.841418,-10.268836],[-36.838604,-10.270976],[-36.84149,-10.274295],[-36.841682,-10.278023],[-36.836776,-10.282352],[-36.837378,-10.289879],[-36.828215,-10.29428],[-36.824126,-10.294184],[-36.818715,-10.297635],[-36.821911,-10.300028],[-36.822563,-10.304163],[-36.818921,-10.30803],[-36.81237,-10.323265],[-36.807406,-10.328875],[-36.812701,-10.326627],[-36.818876,-10.328667],[-36.821629,-10.327425],[-36.839266,-10.335986],[-36.840933,-10.340413],[-36.845007,-10.341811],[-36.844554,-10.344914],[-36.845915,-10.346303],[-36.845551,-10.355169],[-36.841583,-10.357912],[-36.84444,-10.362726],[-36.843868,-10.366968],[-36.845936,-10.370353],[-36.854282,-10.376922],[-36.85648,-10.382565],[-36.891604,-10.385981],[-36.894138,-10.392644],[-36.89687,-10.392062],[-36.903133,-10.398762],[-36.902997,-10.402596],[-36.909442,-10.399233],[-36.915757,-10.393415],[-36.912559,-10.36955],[-36.900749,-10.350121],[-36.902663,-10.324212],[-36.891585,-10.311073],[-36.886201,-10.300824],[-36.880912,-10.296845],[-36.877175,-10.297052],[-36.875306,-10.297124]]]]}},{"type":"Feature","properties":{"ibgeCode":"2805208","municipality":"Pinhão","state":"SE"},"geometry":{"type":"MultiPolygon","coordinates":[[[[-37.749785,-10.62074],[-37.754582,-10.624025],[-37.766239,-10.61944],[-37.768532,-10.611684],[-37.76702,-10.606595],[-37.775605,-10.601668],[-37.785288,-10.600947],[-37.790774,-10.595848],[-37.796351,-10.594579],[-37.800367,-10.591393],[-37.805082,-10.594498],[-37.804578,-10.599083],[-37.807069,-10.600505],[-37.81476,-10.595422],[-37.817838,-10.585766],[-37.826218,-10.587047],[-37.831463,-10.58429],[-37.828672,-10.581097],[-37.825877,-10.580955],[-37.827302,-10.579021],[-37.830162,-10.579825],[-37.831822,-10.578414],[-37.832209,-10.575615],[-37.830698,-10.573496],[-37.835077,-10.570615],[-37.832678,-10.567587],[-37.835603,-10.56484],[-37.83279,-10.563424],[-37.832527,-10.561206],[-37.841199,-10.555059],[-37.839815,-10.552394],[-37.841298,-10.550533],[-37.839696,-10.548682],[-37.837519,-10.551357],[-37.837177,-10.547599],[-37.831803,-10.551494],[-37.830549,-10.547484],[-37.827409,-10.547767],[-37.829706,-10.545674],[-37.829227,-10.540654],[-37.825151,-10.540322],[-37.82406,-10.537837],[-37.81935,-10.539719],[-37.822694,-10.531327],[-37.819266,-10.529663],[-37.820205,-10.527759],[-37.815506,-10.517444],[-37.810999,-10.516382],[-37.809241,-10.512981],[-37.796088,-10.509418],[-37.789601,-10.510743],[-37.789114,-10.512204],[-37.787789,-10.511191],[-37.784614,-10.512204],[-37.77203,-10.506769],[-37.755823,-10.509934],[-37.748324,-10.513402],[-37.730227,-10.516285],[-37.728085,-10.515077],[-37.726371,-10.51087],[-37.72265,-10.510071],[-37.688561,-10.531917],[-37.695372,-10.582011],[-37.70047,-10.584564],[-37.702442,-10.589904],[-37.704756,-10.591808],[-37.703773,-10.59495],[-37.706671,-10.600885],[-37.704946,-10.606853],[-37.712514,-10.608892],[-37.718587,-10.617713],[-37.719522,-10.627372],[-37.716513,-10.630608],[-37.715982,-10.633795],[-37.706904,-10.632606],[-37.707966,-10.635569],[-37.715429,-10.645162],[-37.718226,-10.64482],[-37.724518,-10.640723],[-37.721673,-10.636951],[-37.722286,-10.633735],[-37.731558,-10.630138],[-37.739896,-10.632527],[-37.741861,-10.628431],[-37.747216,-10.625277],[-37.749769,-10.621228],[-37.749785,-10.62074]]]]}},{"type":"Feature","properties":{"ibgeCode":"2800407","municipality":"Arauá","state":"SE"},"geometry":{"type":"MultiPolygon","coordinates":[[[[-37.639107,-11.354706],[-37.635925,-11.340825],[-37.634815,-11.341181],[-37.63495,-11.346901],[-37.639061,-11.355451],[-37.639107,-11.354706]]],[[[-37.675347,-11.343121],[-37.677269,-11.340929],[-37.675844,-11.336341],[-37.666359,-11.332755],[-37.656247,-11.340419],[-37.665878,-11.345837],[-37.67211,-11.34553],[-37.675042,-11.343239],[-37.675347,-11.343121]]],[[[-37.662761,-11.33096],[-37.659447,-11.323661],[-37.651901,-11.3206],[-37.64689,-11.32387],[-37.652654,-11.330087],[-37.653552,-11.333082],[-37.662782,-11.331005],[-37.662761,-11.33096]]],[[[-37.682024,-11.311747],[-37.676257,-11.300537],[-37.673978,-11.301504],[-37.670536,-11.308748],[-37.673843,-11.322171],[-37.675669,-11.32392],[-37.681531,-11.320941],[-37.680563,-11.318533],[-37.683095,-11.316253],[-37.682066,-11.311822],[-37.682024,-11.311747]]],[[[-37.662574,-11.251713],[-37.664,-11.246082],[-37.66865,-11.244077],[-37.671294,-11.236204],[-37.668272,-11.230078],[-37.663339,-11.225446],[-37.660958,-11.219033],[-37.650325,-11.21982],[-37.641567,-11.216539],[-37.634239,-11.219893],[-37.618501,-11.21547],[-37.611525,-11.215057],[-37.608074,-11.216707],[-37.602861,-11.213632],[-37.596972,-11.213594],[-37.596534,-11.203537],[-37.54616,-11.165854],[-37.550086,-11.174441],[-37.553694,-11.175112],[-37.556205,-11.179985],[-37.552289,-11.184678],[-37.550012,-11.184614],[-37.547618,-11.181518],[-37.547671,-11.185604],[-37.542361,-11.188509],[-37.54152,-11.186061],[-37.53438,-11.190084],[-37.536583,-11.192903],[-37.536189,-11.194861],[-37.532007,-11.197234],[-37.534859,-11.200608],[-37.533742,-11.203757],[-37.537275,-11.220038],[-37.531933,-11.227955],[-37.527464,-11.225944],[-37.52441,-11.226859],[-37.524559,-11.231392],[-37.529709,-11.236372],[-37.527794,-11.241671],[-37.523473,-11.241288],[-37.52341,-11.247438],[-37.52592,-11.25421],[-37.521369,-11.260522],[-37.515196,-11.264618],[-37.514009,-11.27182],[-37.505976,-11.273284],[-37.508785,-11.273818],[-37.516136,-11.28942],[-37.523971,-11.292071],[-37.523259,-11.299293],[-37.527107,-11.300614],[-37.529227,-11.305086],[-37.540127,-11.302929],[-37.548338,-11.303859],[-37.55006,-11.308133],[-37.558311,-11.311912],[-37.572023,-11.322973],[-37.576435,-11.322953],[-37.582411,-11.32604],[-37.587798,-11.324162],[-37.590226,-11.324912],[-37.594797,-11.329423],[-37.597092,-11.334548],[-37.597369,-11.34082],[-37.603265,-11.343016],[-37.663441,-11.289966],[-37.66244,-11.252039],[-37.662574,-11.251713]]]]}},{"type":"Feature","properties":{"ibgeCode":"2801702","municipality":"Cristinápolis","state":"SE"},"geometry":{"type":"MultiPolygon","coordinates":[[[[-37.718736,-11.549794],[-37.722459,-11.551158],[-37.724481,-11.550305],[-37.726962,-11.553467],[-37.728876,-11.551837],[-37.728533,-11.548205],[-37.731093,-11.546646],[-37.729216,-11.54372],[-37.730417,-11.538015],[-37.739062,-11.536357],[-37.749361,-11.538628],[-37.75235,-11.533353],[-37.754417,-11.533052],[-37.753549,-11.530219],[-37.759239,-11.525284],[-37.763047,-11.524986],[-37.763914,-11.529689],[-37.770448,-11.531999],[-37.772505,-11.530722],[-37.774436,-11.524945],[-37.789667,-11.524933],[-37.793445,-11.523363],[-37.792498,-11.521285],[-37.794566,-11.518764],[-37.798636,-11.522612],[-37.80401,-11.518464],[-37.812289,-11.51702],[-37.815016,-11.51362],[-37.815352,-11.508181],[-37.819295,-11.501147],[-37.817804,-11.499296],[-37.812886,-11.501583],[-37.808178,-11.496733],[-37.815519,-11.49171],[-37.823646,-11.492555],[-37.829359,-11.485491],[-37.832374,-11.483915],[-37.833052,-11.482269],[-37.830943,-11.479625],[-37.832105,-11.476557],[-37.829746,-11.474967],[-37.825689,-11.475074],[-37.82264,-11.473399],[-37.823102,-11.471739],[-37.820367,-11.471748],[-37.815553,-11.467983],[-37.815201,-11.462523],[-37.80792,-11.45458],[-37.806867,-11.449493],[-37.808082,-11.44464],[-37.806653,-11.443295],[-37.80973,-11.437207],[-37.809162,-11.435648],[-37.803558,-11.435343],[-37.805402,-11.431684],[-37.800577,-11.427637],[-37.792291,-11.423327],[-37.787161,-11.423677],[-37.78983,-11.418565],[-37.787703,-11.412093],[-37.777543,-11.417048],[-37.775012,-11.415568],[-37.771735,-11.416202],[-37.766409,-11.408395],[-37.763255,-11.407122],[-37.76305,-11.404597],[-37.759165,-11.406909],[-37.757521,-11.405502],[-37.751074,-11.405591],[-37.752277,-11.401803],[-37.751,-11.399931],[-37.748311,-11.404001],[-37.747301,-11.411488],[-37.740497,-11.407641],[-37.736159,-11.40819],[-37.733723,-11.405962],[-37.733426,-11.402486],[-37.728363,-11.402083],[-37.722531,-11.399142],[-37.720395,-11.402263],[-37.720494,-11.40765],[-37.718227,-11.407701],[-37.716896,-11.409557],[-37.713003,-11.409376],[-37.711147,-11.413237],[-37.705693,-11.413614],[-37.702046,-11.421185],[-37.696461,-11.421615],[-37.695015,-11.42375],[-37.692371,-11.424161],[-37.692568,-11.427003],[-37.690498,-11.428892],[-37.690958,-11.432604],[-37.686112,-11.434148],[-37.685225,-11.437762],[-37.681775,-11.43929],[-37.682317,-11.44343],[-37.675779,-11.446551],[-37.676239,-11.448933],[-37.671163,-11.456917],[-37.674264,-11.46094],[-37.673545,-11.468728],[-37.677323,-11.470732],[-37.675221,-11.474904],[-37.67274,-11.477566],[-37.670424,-11.477204],[-37.670161,-11.479143],[-37.667533,-11.478863],[-37.663984,-11.482609],[-37.66198,-11.481886],[-37.660075,-11.484695],[-37.653027,-11.478716],[-37.652709,-11.482576],[-37.648615,-11.484114],[-37.646399,-11.486893],[-37.647605,-11.49207],[-37.645079,-11.499005],[-37.648735,-11.499973],[-37.645956,-11.503647],[-37.641732,-11.501006],[-37.63709,-11.501724],[-37.637728,-11.505088],[-37.635148,-11.510122],[-37.636469,-11.512584],[-37.632859,-11.514208],[-37.632279,-11.518127],[-37.638501,-11.518425],[-37.643604,-11.524415],[-37.650338,-11.516444],[-37.65345,-11.529507],[-37.655399,-11.529316],[-37.657621,-11.533207],[-37.658725,-11.531483],[-37.6642,-11.531961],[-37.66133,-11.546167],[-37.664837,-11.548253],[-37.666195,-11.553092],[-37.672001,-11.557626],[-37.672297,-11.559909],[-37.669911,-11.563741],[-37.673014,-11.568567],[-37.676672,-11.568254],[-37.681964,-11.562518],[-37.684912,-11.561504],[-37.688446,-11.563106],[-37.687204,-11.565866],[-37.688717,-11.566754],[-37.690606,-11.566437],[-37.692932,-11.562307],[-37.698417,-11.563414],[-37.699914,-11.562415],[-37.700357,-11.559507],[-37.696946,-11.555796],[-37.695452,-11.549562],[-37.696075,-11.545176],[-37.698812,-11.54454],[-37.70246,-11.540195],[-37.705177,-11.541004],[-37.706634,-11.543953],[-37.705934,-11.547254],[-37.711603,-11.552948],[-37.713564,-11.553215],[-37.718726,-11.549788],[-37.718736,-11.549794]]]]}},{"type":"Feature","properties":{"ibgeCode":"2806503","municipality":"Santa Rosa de Lima","state":"SE"},"geometry":{"type":"MultiPolygon","coordinates":[[[[-37.229022,-10.674648],[-37.234168,-10.671371],[-37.233444,-10.669912],[-37.235585,-10.669164],[-37.238354,-10.663782],[-37.239965,-10.664064],[-37.244169,-10.660552],[-37.246422,-10.661131],[-37.243971,-10.653332],[-37.247092,-10.649133],[-37.246467,-10.647708],[-37.251996,-10.648389],[-37.25269,-10.649718],[-37.253155,-10.648561],[-37.2589,-10.649292],[-37.261135,-10.641939],[-37.264691,-10.642199],[-37.264842,-10.637369],[-37.268519,-10.635353],[-37.268175,-10.634141],[-37.274699,-10.634556],[-37.279022,-10.632632],[-37.280292,-10.629442],[-37.278882,-10.62647],[-37.281806,-10.617387],[-37.288848,-10.614733],[-37.29177,-10.61118],[-37.29546,-10.610861],[-37.296399,-10.601028],[-37.293242,-10.594532],[-37.287342,-10.593985],[-37.281343,-10.587292],[-37.264593,-10.586763],[-37.26098,-10.589983],[-37.257377,-10.590722],[-37.253663,-10.59577],[-37.244978,-10.593639],[-37.24667,-10.595769],[-37.245043,-10.595154],[-37.244696,-10.598135],[-37.240713,-10.598289],[-37.239429,-10.600704],[-37.236773,-10.599164],[-37.235703,-10.603659],[-37.230513,-10.603659],[-37.228766,-10.608515],[-37.225785,-10.607796],[-37.217563,-10.611265],[-37.216844,-10.613911],[-37.218433,-10.616052],[-37.210673,-10.617264],[-37.210206,-10.620442],[-37.208387,-10.61958],[-37.209313,-10.621107],[-37.205667,-10.6246],[-37.204125,-10.624214],[-37.203457,-10.62758],[-37.19487,-10.62537],[-37.193103,-10.626592],[-37.1868,-10.63448],[-37.185205,-10.639809],[-37.180256,-10.640838],[-37.18044,-10.644851],[-37.183309,-10.648329],[-37.179046,-10.652548],[-37.182598,-10.655795],[-37.189636,-10.65759],[-37.186791,-10.660961],[-37.193633,-10.668028],[-37.190195,-10.669632],[-37.19287,-10.678033],[-37.198064,-10.675988],[-37.199024,-10.677224],[-37.229022,-10.674648]]]]}},{"type":"Feature","properties":{"ibgeCode":"2804805","municipality":"Nossa Senhora do Socorro","state":"SE"},"geometry":{"type":"MultiPolygon","coordinates":[[[[-37.084305,-10.821875],[-37.075561,-10.823406],[-37.057263,-10.822991],[-37.045781,-10.825883],[-37.038249,-10.831123],[-37.030961,-10.839977],[-37.028353,-10.847375],[-37.033909,-10.870084],[-37.039417,-10.865473],[-37.052457,-10.862682],[-37.0592,-10.86643],[-37.066059,-10.876318],[-37.067739,-10.876753],[-37.069768,-10.875446],[-37.073183,-10.864919],[-37.078246,-10.862618],[-37.08278,-10.862818],[-37.09252,-10.874251],[-37.103433,-10.876641],[-37.096673,-10.884165],[-37.097637,-10.88654],[-37.103276,-10.885644],[-37.1048,-10.887578],[-37.10509,-10.890952],[-37.102144,-10.892552],[-37.101893,-10.894647],[-37.107517,-10.904797],[-37.102062,-10.917132],[-37.107382,-10.914862],[-37.113594,-10.916053],[-37.146046,-10.928686],[-37.149684,-10.927618],[-37.15446,-10.922013],[-37.158636,-10.923894],[-37.161635,-10.923184],[-37.162983,-10.919172],[-37.168176,-10.913838],[-37.171903,-10.913102],[-37.171061,-10.907993],[-37.173891,-10.89959],[-37.184188,-10.89608],[-37.186185,-10.889896],[-37.189453,-10.885976],[-37.197387,-10.889067],[-37.202592,-10.883748],[-37.205854,-10.875201],[-37.219528,-10.87711],[-37.230416,-10.870291],[-37.244328,-10.865199],[-37.249011,-10.85772],[-37.248647,-10.85456],[-37.254194,-10.85481],[-37.267002,-10.847028],[-37.271857,-10.85131],[-37.28636,-10.850196],[-37.28961,-10.851673],[-37.297839,-10.847854],[-37.307296,-10.832874],[-37.318359,-10.832148],[-37.235388,-10.834815],[-37.222012,-10.841116],[-37.214948,-10.848123],[-37.208413,-10.846533],[-37.203561,-10.84863],[-37.201441,-10.847681],[-37.200398,-10.850076],[-37.198018,-10.849989],[-37.195991,-10.852629],[-37.1938,-10.851402],[-37.190248,-10.853837],[-37.187775,-10.852828],[-37.179163,-10.855183],[-37.177019,-10.851731],[-37.177242,-10.847274],[-37.173743,-10.842075],[-37.169235,-10.840026],[-37.167142,-10.840956],[-37.166922,-10.839236],[-37.15784,-10.836006],[-37.158584,-10.833813],[-37.156679,-10.831878],[-37.152607,-10.832342],[-37.151584,-10.834679],[-37.149517,-10.835077],[-37.142959,-10.831975],[-37.137837,-10.834923],[-37.133237,-10.835061],[-37.117922,-10.832026],[-37.111626,-10.829263],[-37.108849,-10.826776],[-37.107343,-10.821198],[-37.101478,-10.818126],[-37.095971,-10.821792],[-37.088489,-10.822875],[-37.084305,-10.821875]]]]}},{"type":"Feature","properties":{"ibgeCode":"2803500","municipality":"Lagarto","state":"SE"},"geometry":{"type":"MultiPolygon","coordinates":[[[[-37.656027,-11.040463],[-37.655522,-11.038609],[-37.657945,-11.036447],[-37.658774,-11.037292],[-37.661132,-11.034723],[-37.664286,-11.036186],[-37.664432,-11.033113],[-37.668172,-11.030691],[-37.670822,-11.030951],[-37.670904,-11.024642],[-37.67531,-11.021374],[-37.679667,-11.023878],[-37.681895,-11.022951],[-37.682253,-11.024951],[-37.68422,-11.023943],[-37.68474,-11.026854],[-37.692268,-11.026317],[-37.709329,-11.003587],[-37.724461,-10.994046],[-37.743761,-10.989181],[-37.742493,-10.99362],[-37.746005,-10.996807],[-37.743891,-10.99975],[-37.740265,-11.001083],[-37.741696,-11.010611],[-37.751793,-11.008757],[-37.754151,-11.006286],[-37.754151,-11.003343],[-37.759305,-11.005668],[-37.760069,-11.010172],[-37.766475,-11.009164],[-37.765386,-11.011245],[-37.768995,-11.013846],[-37.768166,-11.01557],[-37.772588,-11.016106],[-37.772702,-11.018269],[-37.775255,-11.014546],[-37.775434,-11.012773],[-37.773645,-11.011716],[-37.776393,-11.005879],[-37.778848,-11.006139],[-37.782002,-11.010334],[-37.786376,-11.006432],[-37.786294,-11.010761],[-37.789953,-11.012237],[-37.793091,-11.018529],[-37.798327,-11.01183],[-37.808993,-11.010578],[-37.811448,-11.00318],[-37.813155,-11.00292],[-37.814879,-11.006546],[-37.818748,-11.005944],[-37.821155,-11.003327],[-37.822065,-11.005321],[-37.822911,-10.994091],[-37.825073,-10.993522],[-37.826733,-10.989202],[-37.836422,-10.988287],[-37.838276,-10.986742],[-37.832747,-10.979783],[-37.834357,-10.975019],[-37.838519,-10.974873],[-37.839967,-10.969573],[-37.838747,-10.963752],[-37.839609,-10.955183],[-37.837674,-10.952939],[-37.835577,-10.953313],[-37.834975,-10.951379],[-37.841462,-10.946729],[-37.84104,-10.942859],[-37.846259,-10.933786],[-37.851549,-10.934526],[-37.856047,-10.928681],[-37.86125,-10.929331],[-37.866631,-10.923397],[-37.871395,-10.92351],[-37.875151,-10.920259],[-37.870919,-10.90599],[-37.865802,-10.897219],[-37.8734,-10.876585],[-37.873653,-10.869087],[-37.875764,-10.863915],[-37.860815,-10.86932],[-37.82838,-10.858994],[-37.813827,-10.869832],[-37.804566,-10.837881],[-37.766571,-10.819218],[-37.752082,-10.807065],[-37.746948,-10.803891],[-37.739791,-10.802758],[-37.732752,-10.797394],[-37.724177,-10.785876],[-37.724123,-10.781536],[-37.718001,-10.769732],[-37.720832,-10.767139],[-37.709513,-10.754576],[-37.711708,-10.748261],[-37.7075,-10.738167],[-37.70225,-10.735895],[-37.698382,-10.73769],[-37.695018,-10.733998],[-37.692717,-10.73463],[-37.690643,-10.730711],[-37.685434,-10.728359],[-37.684726,-10.729699],[-37.682829,-10.729143],[-37.678581,-10.726589],[-37.679238,-10.716752],[-37.669812,-10.707818],[-37.666847,-10.710735],[-37.663781,-10.717675],[-37.661512,-10.717268],[-37.650994,-10.706216],[-37.647708,-10.697341],[-37.645925,-10.696415],[-37.64212,-10.699601],[-37.647075,-10.708577],[-37.646146,-10.71016],[-37.636902,-10.713242],[-37.630845,-10.708891],[-37.620755,-10.706791],[-37.618619,-10.708352],[-37.618237,-10.712427],[-37.615986,-10.713652],[-37.625255,-10.722881],[-37.631043,-10.726504],[-37.632096,-10.733272],[-37.630069,-10.734638],[-37.62848,-10.74277],[-37.633483,-10.748453],[-37.632362,-10.749647],[-37.626712,-10.747575],[-37.620238,-10.74873],[-37.618889,-10.750371],[-37.619293,-10.753826],[-37.614583,-10.754973],[-37.612112,-10.761262],[-37.608002,-10.765464],[-37.604941,-10.776867],[-37.599887,-10.778779],[-37.602708,-10.78632],[-37.606426,-10.789744],[-37.609583,-10.789628],[-37.614336,-10.798233],[-37.610162,-10.807118],[-37.610224,-10.812276],[-37.600065,-10.814413],[-37.594562,-10.826603],[-37.590483,-10.8282],[-37.582074,-10.836126],[-37.574273,-10.839389],[-37.570707,-10.839106],[-37.563902,-10.834852],[-37.551963,-10.840367],[-37.544563,-10.835199],[-37.537006,-10.841195],[-37.530419,-10.839947],[-37.517795,-10.845335],[-37.510872,-10.842456],[-37.509163,-10.83486],[-37.496985,-10.834801],[-37.496465,-10.831253],[-37.491264,-10.830117],[-37.487576,-10.832152],[-37.488536,-10.836826],[-37.479316,-10.840672],[-37.47827,-10.842924],[-37.480925,-10.84596],[-37.482787,-10.857508],[-37.476758,-10.859872],[-37.475741,-10.855205],[-37.470643,-10.851351],[-37.462639,-10.859267],[-37.461659,-10.868066],[-37.456372,-10.872369],[-37.458844,-10.87958],[-37.45577,-10.881748],[-37.464006,-10.892532],[-37.47495,-10.893705],[-37.477763,-10.896966],[-37.485506,-10.89867],[-37.485593,-10.900835],[-37.494233,-10.904707],[-37.498026,-10.904544],[-37.503606,-10.901101],[-37.455643,-10.97755],[-37.519661,-10.960342],[-37.531008,-10.996222],[-37.568513,-11.025457],[-37.567774,-11.030906],[-37.570006,-11.034783],[-37.565151,-11.040052],[-37.622419,-11.067475],[-37.625248,-11.066965],[-37.628402,-11.063307],[-37.629752,-11.064868],[-37.634386,-11.064217],[-37.636483,-11.057177],[-37.641426,-11.053112],[-37.642678,-11.04669],[-37.649116,-11.047096],[-37.65362,-11.045259],[-37.656157,-11.041341],[-37.656027,-11.040463]]]]}},{"type":"Feature","properties":{"ibgeCode":"2807006","municipality":"São Miguel do Aleixo","state":"SE"},"geometry":{"type":"MultiPolygon","coordinates":[[[[-37.410351,-10.414825],[-37.409833,-10.355455],[-37.413048,-10.346005],[-37.41041,-10.336047],[-37.411363,-10.328323],[-37.409683,-10.328059],[-37.40665,-10.321734],[-37.407464,-10.318862],[-37.405429,-10.315831],[-37.406367,-10.309684],[-37.404155,-10.30439],[-37.404713,-10.298711],[-37.402861,-10.289411],[-37.405378,-10.284882],[-37.395768,-10.288438],[-37.388953,-10.293451],[-37.386542,-10.292953],[-37.387359,-10.295603],[-37.384789,-10.298393],[-37.3876,-10.300807],[-37.387658,-10.304808],[-37.384868,-10.308255],[-37.390806,-10.313395],[-37.391384,-10.31744],[-37.387498,-10.319452],[-37.382876,-10.315567],[-37.378293,-10.315906],[-37.375922,-10.319273],[-37.376928,-10.322567],[-37.375444,-10.324154],[-37.373233,-10.323756],[-37.373472,-10.330012],[-37.371579,-10.327362],[-37.368436,-10.330311],[-37.366996,-10.327681],[-37.362314,-10.328299],[-37.36215,-10.331729],[-37.357333,-10.333021],[-37.355819,-10.334913],[-37.356576,-10.336089],[-37.359445,-10.334973],[-37.360727,-10.336717],[-37.358668,-10.345513],[-37.354185,-10.343979],[-37.349563,-10.346549],[-37.351669,-10.349624],[-37.349331,-10.353482],[-37.350255,-10.355782],[-37.344881,-10.357447],[-37.344542,-10.361492],[-37.351436,-10.364082],[-37.352292,-10.362409],[-37.354066,-10.362847],[-37.356576,-10.368625],[-37.351057,-10.368864],[-37.349105,-10.371474],[-37.350778,-10.377989],[-37.349045,-10.384365],[-37.343645,-10.385521],[-37.339187,-10.384516],[-37.347358,-10.395814],[-37.346628,-10.398083],[-37.348225,-10.400022],[-37.345819,-10.400703],[-37.344212,-10.398921],[-37.334599,-10.399934],[-37.333119,-10.402719],[-37.334103,-10.405515],[-37.329223,-10.413424],[-37.331989,-10.417495],[-37.328561,-10.419121],[-37.325571,-10.418498],[-37.324285,-10.420231],[-37.325122,-10.42289],[-37.329203,-10.422092],[-37.332758,-10.423767],[-37.334286,-10.426451],[-37.332661,-10.430186],[-37.330908,-10.4319],[-37.327557,-10.4315],[-37.32034,-10.434306],[-37.311984,-10.430215],[-37.307591,-10.425004],[-37.306539,-10.42777],[-37.304104,-10.428569],[-37.302916,-10.435864],[-37.300617,-10.436068],[-37.29489,-10.432416],[-37.292183,-10.436127],[-37.292611,-10.439273],[-37.295436,-10.440977],[-37.294754,-10.448866],[-37.293546,-10.449694],[-37.29041,-10.447688],[-37.290176,-10.450863],[-37.287771,-10.453873],[-37.291803,-10.45623],[-37.290282,-10.466588],[-37.288219,-10.466758],[-37.280427,-10.461518],[-37.275947,-10.462385],[-37.274568,-10.465872],[-37.350668,-10.491238],[-37.353064,-10.48664],[-37.359786,-10.483545],[-37.360492,-10.47745],[-37.36582,-10.47077],[-37.366848,-10.465166],[-37.369945,-10.460169],[-37.368182,-10.454725],[-37.368844,-10.450848],[-37.410365,-10.416798],[-37.410351,-10.414825]]]]}},{"type":"Feature","properties":{"ibgeCode":"2802205","municipality":"Feira Nova","state":"SE"},"geometry":{"type":"MultiPolygon","coordinates":[[[[-37.350001,-10.375977],[-37.349105,-10.371474],[-37.351595,-10.368685],[-37.356297,-10.369183],[-37.356178,-10.366553],[-37.352731,-10.362289],[-37.351436,-10.364082],[-37.34508,-10.362249],[-37.344522,-10.357806],[-37.350255,-10.355782],[-37.349331,-10.353482],[-37.351669,-10.349624],[-37.349563,-10.346549],[-37.353667,-10.344058],[-37.359007,-10.344935],[-37.360727,-10.336717],[-37.359445,-10.334973],[-37.356078,-10.335969],[-37.356337,-10.333598],[-37.361769,-10.332116],[-37.362693,-10.328139],[-37.367475,-10.32786],[-37.368436,-10.330311],[-37.371579,-10.327362],[-37.373472,-10.330012],[-37.373233,-10.323756],[-37.375444,-10.324154],[-37.376928,-10.322567],[-37.375922,-10.319273],[-37.378293,-10.315906],[-37.382876,-10.315567],[-37.387498,-10.319452],[-37.391702,-10.317081],[-37.390806,-10.313395],[-37.384868,-10.308255],[-37.387658,-10.30425],[-37.3876,-10.300807],[-37.384789,-10.298393],[-37.387359,-10.295603],[-37.386681,-10.292694],[-37.388953,-10.293451],[-37.395768,-10.288438],[-37.393137,-10.286457],[-37.395203,-10.282625],[-37.392402,-10.282486],[-37.393367,-10.28113],[-37.391616,-10.280686],[-37.389652,-10.273965],[-37.390878,-10.267773],[-37.393536,-10.267207],[-37.391941,-10.263824],[-37.394345,-10.25856],[-37.398392,-10.254842],[-37.397413,-10.250186],[-37.393704,-10.246631],[-37.390349,-10.234338],[-37.383491,-10.222326],[-37.38395,-10.219175],[-37.355392,-10.208433],[-37.332021,-10.210962],[-37.261283,-10.238383],[-37.267657,-10.239388],[-37.292905,-10.255812],[-37.28736,-10.255629],[-37.280175,-10.25925],[-37.280686,-10.260602],[-37.270042,-10.262401],[-37.263152,-10.267651],[-37.258184,-10.268234],[-37.256087,-10.280219],[-37.249833,-10.281158],[-37.241473,-10.287372],[-37.242548,-10.293694],[-37.239525,-10.297186],[-37.243721,-10.297687],[-37.254656,-10.305178],[-37.265183,-10.303603],[-37.274024,-10.306494],[-37.270421,-10.314675],[-37.279929,-10.311796],[-37.286549,-10.314055],[-37.285369,-10.315611],[-37.288115,-10.318889],[-37.295417,-10.319847],[-37.297844,-10.324999],[-37.302527,-10.327149],[-37.301374,-10.333389],[-37.305657,-10.341284],[-37.308786,-10.343519],[-37.308467,-10.347458],[-37.311149,-10.347734],[-37.314555,-10.352184],[-37.317791,-10.351545],[-37.316088,-10.358421],[-37.316791,-10.360082],[-37.322262,-10.361146],[-37.322304,-10.365191],[-37.323667,-10.364275],[-37.325966,-10.366681],[-37.32422,-10.369086],[-37.325923,-10.374664],[-37.327477,-10.373195],[-37.329883,-10.374089],[-37.331586,-10.377176],[-37.339441,-10.37807],[-37.340591,-10.376814],[-37.34438,-10.37873],[-37.345061,-10.381242],[-37.34323,-10.382626],[-37.342166,-10.38154],[-37.341166,-10.383222],[-37.343645,-10.385521],[-37.349045,-10.384365],[-37.350684,-10.380932],[-37.350121,-10.376435],[-37.350001,-10.375977]]]]}},{"type":"Feature","properties":{"ibgeCode":"2804003","municipality":"Maruim","state":"SE"},"geometry":{"type":"MultiPolygon","coordinates":[[[[-37.15137,-10.733027],[-37.154062,-10.726319],[-37.150838,-10.720397],[-37.14684,-10.719854],[-37.147082,-10.715891],[-37.145307,-10.713393],[-37.142567,-10.70047],[-37.121558,-10.702731],[-37.1155,-10.684931],[-37.090771,-10.655151],[-37.08882,-10.657647],[-37.089669,-10.663458],[-37.091178,-10.664458],[-37.090556,-10.670438],[-37.091876,-10.675174],[-37.089122,-10.678739],[-37.088783,-10.682041],[-37.084255,-10.685625],[-37.078029,-10.683776],[-37.073898,-10.686474],[-37.068691,-10.686984],[-37.067596,-10.690342],[-37.058635,-10.691096],[-37.055428,-10.698416],[-37.051542,-10.701284],[-37.051164,-10.703208],[-37.061842,-10.71449],[-37.070115,-10.754947],[-37.070568,-10.760324],[-37.067587,-10.767436],[-37.070492,-10.769738],[-37.074473,-10.77902],[-37.077586,-10.776661],[-37.088178,-10.783177],[-37.093451,-10.778021],[-37.102955,-10.774786],[-37.108518,-10.776547],[-37.122355,-10.786264],[-37.12722,-10.785763],[-37.134409,-10.776601],[-37.131382,-10.770279],[-37.132255,-10.768262],[-37.13819,-10.765546],[-37.142248,-10.765458],[-37.147333,-10.7699],[-37.150007,-10.770168],[-37.152911,-10.767481],[-37.161371,-10.751421],[-37.157414,-10.747251],[-37.158328,-10.742276],[-37.151061,-10.738546],[-37.151175,-10.733584],[-37.15137,-10.733027]]]]}},{"type":"Feature","properties":{"ibgeCode":"2805307","municipality":"Pirambu","state":"SE"},"geometry":{"type":"MultiPolygon","coordinates":[[[[-36.859423,-10.74287],[-36.865048,-10.741112],[-36.868528,-10.743917],[-36.872812,-10.741235],[-36.868248,-10.736856],[-36.872896,-10.735105],[-36.868006,-10.734671],[-36.86909,-10.733004],[-36.867053,-10.732468],[-36.870118,-10.727581],[-36.869107,-10.725807],[-36.872227,-10.72303],[-36.868827,-10.722062],[-36.870691,-10.719073],[-36.8685,-10.718957],[-36.868783,-10.712739],[-36.87282,-10.709958],[-36.871372,-10.709994],[-36.870302,-10.706148],[-36.873146,-10.706126],[-36.874236,-10.708748],[-36.875392,-10.708071],[-36.87465,-10.706829],[-36.876427,-10.704951],[-36.874912,-10.704264],[-36.877313,-10.701566],[-36.87677,-10.697801],[-36.878864,-10.697963],[-36.879119,-10.694954],[-36.880977,-10.698341],[-36.886697,-10.69715],[-36.888071,-10.694681],[-36.88975,-10.697624],[-36.888241,-10.697228],[-36.887995,-10.699435],[-36.883939,-10.699642],[-36.885467,-10.70168],[-36.892221,-10.700265],[-36.892032,-10.704434],[-36.896032,-10.705208],[-36.897183,-10.702208],[-36.900428,-10.703434],[-36.899315,-10.699001],[-36.901371,-10.697114],[-36.899522,-10.693436],[-36.901103,-10.69185],[-36.902551,-10.684092],[-36.904764,-10.684037],[-36.909435,-10.676798],[-36.912549,-10.678191],[-36.915527,-10.676361],[-36.918478,-10.678054],[-36.923549,-10.676866],[-36.903198,-10.662168],[-36.899271,-10.663598],[-36.894086,-10.661008],[-36.781283,-10.574941],[-36.778602,-10.577289],[-36.772161,-10.576875],[-36.764782,-10.579628],[-36.755922,-10.594245],[-36.751594,-10.592968],[-36.750104,-10.594921],[-36.673652,-10.628773],[-36.672947,-10.630793],[-36.680909,-10.635274],[-36.734686,-10.658067],[-36.769306,-10.678734],[-36.809561,-10.70672],[-36.839489,-10.731547],[-36.849721,-10.742657],[-36.852747,-10.744226],[-36.854632,-10.742564],[-36.857897,-10.742828],[-36.859423,-10.74287]]]]}},{"type":"Feature","properties":{"ibgeCode":"2800506","municipality":"Areia Branca","state":"SE"},"geometry":{"type":"MultiPolygon","coordinates":[[[[-37.31622,-10.740687],[-37.308969,-10.734713],[-37.298216,-10.731447],[-37.298139,-10.727666],[-37.294721,-10.726252],[-37.292132,-10.7224],[-37.287854,-10.723721],[-37.284951,-10.720675],[-37.281437,-10.720226],[-37.278104,-10.725603],[-37.28306,-10.731734],[-37.281619,-10.737521],[-37.278906,-10.741436],[-37.269968,-10.747433],[-37.269223,-10.749286],[-37.272527,-10.752838],[-37.244509,-10.778384],[-37.318359,-10.832148],[-37.318371,-10.834543],[-37.322745,-10.832124],[-37.329101,-10.833435],[-37.337106,-10.839608],[-37.339379,-10.847269],[-37.341471,-10.848472],[-37.34751,-10.84781],[-37.351342,-10.84992],[-37.356997,-10.847595],[-37.363596,-10.847143],[-37.369665,-10.851884],[-37.37555,-10.852635],[-37.379727,-10.850891],[-37.387734,-10.851063],[-37.403525,-10.844551],[-37.404732,-10.842197],[-37.402714,-10.839825],[-37.406934,-10.832171],[-37.404199,-10.830032],[-37.396052,-10.809841],[-37.361716,-10.738505],[-37.336322,-10.721796],[-37.331764,-10.725918],[-37.321555,-10.729881],[-37.310134,-10.729499],[-37.31128,-10.732612],[-37.316437,-10.736757],[-37.316074,-10.739182],[-37.31622,-10.740687]]]]}},{"type":"Feature","properties":{"ibgeCode":"2806602","municipality":"Santo Amaro das Brotas","state":"SE"},"geometry":{"type":"MultiPolygon","coordinates":[[[[-37.02842,-10.847819],[-37.030961,-10.839977],[-37.038249,-10.831123],[-37.045781,-10.825883],[-37.057263,-10.822991],[-37.064879,-10.823034],[-37.075291,-10.807548],[-37.087331,-10.798402],[-37.088678,-10.795858],[-37.088178,-10.783177],[-37.077586,-10.776661],[-37.074473,-10.77902],[-37.070492,-10.769738],[-37.067813,-10.768191],[-37.070568,-10.760324],[-37.068606,-10.747759],[-37.064791,-10.74658],[-37.059446,-10.741839],[-37.026649,-10.728423],[-37.015922,-10.721608],[-37.014046,-10.724847],[-37.005123,-10.727639],[-37.002236,-10.731582],[-36.994086,-10.730356],[-36.983786,-10.736355],[-36.981578,-10.734016],[-36.970844,-10.729752],[-36.967806,-10.730412],[-36.942809,-10.706151],[-36.935037,-10.695473],[-36.916633,-10.685569],[-36.918991,-10.691681],[-36.917256,-10.693719],[-36.920188,-10.701034],[-36.914218,-10.699907],[-36.914596,-10.703265],[-36.912162,-10.705019],[-36.911709,-10.700265],[-36.9092,-10.70051],[-36.904837,-10.696871],[-36.902069,-10.691964],[-36.899522,-10.693436],[-36.901371,-10.697114],[-36.899315,-10.699001],[-36.900964,-10.703142],[-36.897183,-10.702208],[-36.895428,-10.705453],[-36.892032,-10.704434],[-36.891806,-10.700076],[-36.885052,-10.701284],[-36.883864,-10.699265],[-36.887995,-10.699435],[-36.888241,-10.697228],[-36.890165,-10.696869],[-36.888071,-10.694681],[-36.886697,-10.69715],[-36.880977,-10.698341],[-36.879119,-10.694954],[-36.878864,-10.697963],[-36.87677,-10.697801],[-36.877313,-10.701566],[-36.874912,-10.704264],[-36.876427,-10.704951],[-36.87465,-10.706829],[-36.875392,-10.708071],[-36.874236,-10.708748],[-36.873146,-10.706126],[-36.870158,-10.706406],[-36.871372,-10.709994],[-36.872875,-10.709683],[-36.868783,-10.712739],[-36.8685,-10.718957],[-36.870691,-10.719073],[-36.868827,-10.722062],[-36.872227,-10.72303],[-36.869107,-10.725807],[-36.870118,-10.727581],[-36.867053,-10.732468],[-36.86909,-10.733004],[-36.868006,-10.734671],[-36.872896,-10.735105],[-36.868248,-10.736856],[-36.872812,-10.741235],[-36.875846,-10.738091],[-36.881264,-10.743089],[-36.886033,-10.754523],[-36.899418,-10.772571],[-36.903959,-10.77359],[-36.905069,-10.776482],[-36.910313,-10.777312],[-36.916086,-10.780538],[-36.921426,-10.785519],[-36.924576,-10.78591],[-36.924972,-10.787967],[-36.927217,-10.786514],[-36.928085,-10.790174],[-36.93265,-10.786288],[-36.934727,-10.789141],[-36.936046,-10.786929],[-36.937322,-10.787273],[-36.936687,-10.791212],[-36.938423,-10.795324],[-36.947309,-10.797852],[-36.949776,-10.802163],[-36.954402,-10.805267],[-36.955968,-10.808945],[-36.959175,-10.807266],[-36.961024,-10.811436],[-36.959326,-10.817114],[-36.965307,-10.820453],[-36.968438,-10.832886],[-36.978664,-10.832112],[-36.982675,-10.835839],[-36.984059,-10.831886],[-36.986682,-10.834678],[-36.987814,-10.837055],[-36.983418,-10.839055],[-36.981342,-10.844054],[-36.983269,-10.848956],[-36.992983,-10.852846],[-36.993473,-10.856845],[-36.998508,-10.860735],[-37.00234,-10.861222],[-37.006092,-10.859346],[-37.009215,-10.864851],[-37.015697,-10.864014],[-37.014942,-10.869787],[-37.017072,-10.876028],[-37.028047,-10.88521],[-37.031579,-10.886385],[-37.039817,-10.884095],[-37.035284,-10.875191],[-37.029537,-10.855239],[-37.02842,-10.847819]]]]}},{"type":"Feature","properties":{"ibgeCode":"2801009","municipality":"Campo do Brito","state":"SE"},"geometry":{"type":"MultiPolygon","coordinates":[[[[-37.524538,-10.809871],[-37.520112,-10.805303],[-37.519809,-10.803056],[-37.517186,-10.803618],[-37.516076,-10.798962],[-37.518142,-10.79811],[-37.520562,-10.800368],[-37.522811,-10.799752],[-37.519833,-10.792631],[-37.522611,-10.794099],[-37.52335,-10.79223],[-37.527297,-10.79042],[-37.530119,-10.790823],[-37.527776,-10.789716],[-37.527164,-10.785167],[-37.532505,-10.784513],[-37.531825,-10.782916],[-37.53367,-10.784022],[-37.535047,-10.782646],[-37.535779,-10.784973],[-37.53637,-10.783016],[-37.540712,-10.781443],[-37.542738,-10.782195],[-37.543757,-10.780309],[-37.549556,-10.783589],[-37.557882,-10.781555],[-37.564972,-10.770741],[-37.566294,-10.766386],[-37.560019,-10.757325],[-37.587972,-10.72222],[-37.585341,-10.714368],[-37.586471,-10.710088],[-37.588723,-10.703095],[-37.595044,-10.695716],[-37.594432,-10.693661],[-37.592862,-10.694749],[-37.590636,-10.693204],[-37.590949,-10.687291],[-37.589553,-10.684968],[-37.587104,-10.684475],[-37.586489,-10.680893],[-37.580061,-10.683123],[-37.575022,-10.689008],[-37.561101,-10.691394],[-37.554302,-10.696476],[-37.550205,-10.697667],[-37.535235,-10.694318],[-37.533079,-10.689029],[-37.518501,-10.688112],[-37.509663,-10.689758],[-37.500797,-10.688531],[-37.499588,-10.692781],[-37.479823,-10.700552],[-37.473312,-10.710704],[-37.468692,-10.709485],[-37.462959,-10.712614],[-37.461152,-10.71634],[-37.462472,-10.718041],[-37.455161,-10.724108],[-37.455879,-10.730401],[-37.452698,-10.732105],[-37.452299,-10.736517],[-37.450312,-10.73901],[-37.451353,-10.744113],[-37.448598,-10.747936],[-37.451302,-10.751704],[-37.45004,-10.752846],[-37.451011,-10.757355],[-37.448535,-10.760894],[-37.450667,-10.763712],[-37.447976,-10.765616],[-37.448662,-10.76719],[-37.451788,-10.767488],[-37.451581,-10.77011],[-37.445361,-10.776431],[-37.44229,-10.775517],[-37.440132,-10.780569],[-37.44234,-10.784301],[-37.446263,-10.782251],[-37.44914,-10.789724],[-37.431412,-10.831316],[-37.402162,-10.824973],[-37.45577,-10.881748],[-37.458844,-10.87958],[-37.45651,-10.874169],[-37.45702,-10.870718],[-37.461659,-10.868066],[-37.462639,-10.859267],[-37.470059,-10.851619],[-37.474728,-10.853931],[-37.476758,-10.859872],[-37.482787,-10.857508],[-37.480925,-10.84596],[-37.478364,-10.843927],[-37.479316,-10.840672],[-37.488536,-10.836826],[-37.487353,-10.83271],[-37.490291,-10.830366],[-37.493269,-10.83004],[-37.497384,-10.832355],[-37.506886,-10.824301],[-37.508558,-10.82559],[-37.511132,-10.823577],[-37.511582,-10.825477],[-37.513152,-10.825361],[-37.524312,-10.819839],[-37.523614,-10.816583],[-37.520619,-10.815318],[-37.519635,-10.811495],[-37.522247,-10.809809],[-37.523923,-10.811661],[-37.524511,-10.81033],[-37.524538,-10.809871]]]]}},{"type":"Feature","properties":{"ibgeCode":"2804904","municipality":"Pacatuba","state":"SE"},"geometry":{"type":"MultiPolygon","coordinates":[[[[-36.70026,-10.616997],[-36.750104,-10.594921],[-36.751594,-10.592968],[-36.755922,-10.594245],[-36.757629,-10.591047],[-36.755649,-10.591102],[-36.750462,-10.578622],[-36.747812,-10.576822],[-36.747523,-10.56553],[-36.744816,-10.56253],[-36.746217,-10.559837],[-36.75122,-10.557983],[-36.754035,-10.552823],[-36.751459,-10.549464],[-36.751418,-10.541449],[-36.743651,-10.53423],[-36.73444,-10.530044],[-36.732359,-10.53224],[-36.720612,-10.527107],[-36.724436,-10.517193],[-36.716938,-10.513905],[-36.719437,-10.502694],[-36.719178,-10.500272],[-36.716963,-10.498525],[-36.71635,-10.492303],[-36.720684,-10.487329],[-36.715903,-10.462781],[-36.711963,-10.453095],[-36.711742,-10.447592],[-36.715618,-10.446466],[-36.704129,-10.425657],[-36.702461,-10.417237],[-36.706376,-10.414764],[-36.70447,-10.410411],[-36.710492,-10.402596],[-36.705295,-10.400576],[-36.701912,-10.405714],[-36.654498,-10.402161],[-36.64841,-10.399691],[-36.632649,-10.402822],[-36.631399,-10.405047],[-36.598813,-10.415093],[-36.607712,-10.420584],[-36.609559,-10.426375],[-36.606823,-10.431992],[-36.600149,-10.496842],[-36.499413,-10.512986],[-36.48464,-10.528623],[-36.486895,-10.531944],[-36.495707,-10.535018],[-36.497677,-10.538465],[-36.48619,-10.536383],[-36.527295,-10.551256],[-36.576231,-10.571811],[-36.584809,-10.572549],[-36.592434,-10.576475],[-36.612701,-10.588405],[-36.672947,-10.630793],[-36.673652,-10.628773],[-36.696702,-10.618572],[-36.70026,-10.616997]]]]}},{"type":"Feature","properties":{"ibgeCode":"2807105","municipality":"Simão Dias","state":"SE"},"geometry":{"type":"MultiPolygon","coordinates":[[[[-37.80863,-10.687632],[-37.809893,-10.685848],[-37.808521,-10.681126],[-37.809497,-10.67369],[-37.814047,-10.66982],[-37.810012,-10.661133],[-37.802991,-10.652162],[-37.809747,-10.648746],[-37.807528,-10.645849],[-37.810318,-10.643794],[-37.80748,-10.639355],[-37.81144,-10.633791],[-37.816723,-10.631379],[-37.811388,-10.625536],[-37.809789,-10.611624],[-37.807156,-10.607408],[-37.807956,-10.603228],[-37.804578,-10.599083],[-37.805082,-10.594498],[-37.800367,-10.591393],[-37.796351,-10.594579],[-37.790774,-10.595848],[-37.785288,-10.600947],[-37.779328,-10.60053],[-37.767426,-10.606091],[-37.768532,-10.611684],[-37.766239,-10.61944],[-37.754582,-10.624025],[-37.749785,-10.62074],[-37.747216,-10.625277],[-37.741861,-10.628431],[-37.739896,-10.632527],[-37.731558,-10.630138],[-37.722286,-10.633735],[-37.721673,-10.636951],[-37.724518,-10.640723],[-37.718226,-10.64482],[-37.715429,-10.645162],[-37.7066,-10.633061],[-37.704096,-10.634826],[-37.703137,-10.641146],[-37.700308,-10.641406],[-37.694296,-10.638507],[-37.697928,-10.647475],[-37.701764,-10.64995],[-37.703552,-10.654502],[-37.706805,-10.656317],[-37.708767,-10.663224],[-37.714578,-10.666846],[-37.715039,-10.668916],[-37.708806,-10.672106],[-37.706126,-10.668199],[-37.702878,-10.671242],[-37.703578,-10.675682],[-37.701807,-10.678575],[-37.696769,-10.680666],[-37.692699,-10.684623],[-37.685513,-10.682281],[-37.682879,-10.685436],[-37.682911,-10.687582],[-37.686748,-10.691256],[-37.683074,-10.695679],[-37.67644,-10.697207],[-37.673913,-10.702626],[-37.675917,-10.704386],[-37.682814,-10.70563],[-37.68465,-10.70822],[-37.683274,-10.711242],[-37.677443,-10.715412],[-37.679997,-10.719938],[-37.677961,-10.722133],[-37.678581,-10.726589],[-37.682829,-10.729143],[-37.684726,-10.729699],[-37.685434,-10.728359],[-37.690643,-10.730711],[-37.692717,-10.73463],[-37.695018,-10.733998],[-37.698382,-10.73769],[-37.70225,-10.735895],[-37.7075,-10.738167],[-37.711708,-10.748261],[-37.709513,-10.754576],[-37.720832,-10.767139],[-37.718001,-10.769732],[-37.724123,-10.781536],[-37.724177,-10.785876],[-37.732752,-10.797394],[-37.739791,-10.802758],[-37.746948,-10.803891],[-37.752082,-10.807065],[-37.766571,-10.819218],[-37.804566,-10.837881],[-37.813827,-10.869832],[-37.82838,-10.858994],[-37.860815,-10.86932],[-37.877433,-10.863498],[-37.879026,-10.866786],[-37.883882,-10.866824],[-37.895198,-10.872172],[-37.919576,-10.876876],[-37.923356,-10.879897],[-37.937125,-10.881023],[-37.939569,-10.884192],[-37.93911,-10.889848],[-37.97289,-10.880369],[-37.969371,-10.807651],[-37.972453,-10.757136],[-37.964592,-10.757726],[-37.952894,-10.750102],[-37.949728,-10.751495],[-37.945481,-10.756517],[-37.940962,-10.753399],[-37.937339,-10.74638],[-37.924095,-10.734873],[-37.909622,-10.71551],[-37.874662,-10.70578],[-37.873069,-10.700768],[-37.870382,-10.700727],[-37.868296,-10.702994],[-37.84751,-10.699265],[-37.84635,-10.694377],[-37.837429,-10.685466],[-37.83458,-10.685806],[-37.8328,-10.680475],[-37.830511,-10.682398],[-37.815135,-10.684857],[-37.809932,-10.688808],[-37.80864,-10.687643],[-37.80863,-10.687632]]]]}},{"type":"Feature","properties":{"ibgeCode":"2802304","municipality":"Frei Paulo","state":"SE"},"geometry":{"type":"MultiPolygon","coordinates":[[[[-37.502259,-10.527904],[-37.474501,-10.566459],[-37.50946,-10.626232],[-37.530461,-10.645799],[-37.558575,-10.619451],[-37.64121,-10.604553],[-37.688561,-10.531917],[-37.72265,-10.510071],[-37.681077,-10.480863],[-37.624693,-10.412159],[-37.575531,-10.370549],[-37.558318,-10.444055],[-37.547539,-10.46182],[-37.511018,-10.506016],[-37.506591,-10.515574],[-37.502259,-10.527904]]]]}},{"type":"Feature","properties":{"ibgeCode":"2803609","municipality":"Laranjeiras","state":"SE"},"geometry":{"type":"MultiPolygon","coordinates":[[[[-37.147333,-10.7699],[-37.142248,-10.765458],[-37.13819,-10.765546],[-37.132255,-10.768262],[-37.131382,-10.770279],[-37.134409,-10.776601],[-37.125933,-10.786287],[-37.122355,-10.786264],[-37.108518,-10.776547],[-37.102955,-10.774786],[-37.09036,-10.779896],[-37.088178,-10.783177],[-37.089376,-10.790921],[-37.087331,-10.798402],[-37.075291,-10.807548],[-37.064879,-10.823034],[-37.075596,-10.823404],[-37.084305,-10.821875],[-37.091144,-10.823409],[-37.101478,-10.818126],[-37.107343,-10.821198],[-37.108849,-10.826776],[-37.111626,-10.829263],[-37.117922,-10.832026],[-37.133237,-10.835061],[-37.137837,-10.834923],[-37.142959,-10.831975],[-37.149517,-10.835077],[-37.151584,-10.834679],[-37.152607,-10.832342],[-37.156679,-10.831878],[-37.158584,-10.833813],[-37.15784,-10.836006],[-37.166922,-10.839236],[-37.167142,-10.840956],[-37.169235,-10.840026],[-37.173743,-10.842075],[-37.177242,-10.847274],[-37.177019,-10.851731],[-37.179163,-10.855183],[-37.187775,-10.852828],[-37.190248,-10.853837],[-37.1938,-10.851402],[-37.195991,-10.852629],[-37.198018,-10.849989],[-37.200398,-10.850076],[-37.201441,-10.847681],[-37.203561,-10.84863],[-37.208413,-10.846533],[-37.214948,-10.848123],[-37.222012,-10.841116],[-37.235388,-10.834815],[-37.317672,-10.83164],[-37.244509,-10.778384],[-37.242198,-10.775156],[-37.239973,-10.775376],[-37.238674,-10.772367],[-37.237881,-10.77316],[-37.235169,-10.770009],[-37.235064,-10.766781],[-37.225075,-10.759561],[-37.219508,-10.759017],[-37.216012,-10.765262],[-37.161371,-10.751421],[-37.152911,-10.767481],[-37.148778,-10.77021],[-37.147333,-10.7699]]]]}},{"type":"Feature","properties":{"ibgeCode":"2803203","municipality":"Itaporanga d'Ajuda","state":"SE"},"geometry":{"type":"MultiPolygon","coordinates":[[[[-37.350884,-11.091064],[-37.359975,-11.086802],[-37.367732,-11.072608],[-37.368988,-11.071735],[-37.369914,-11.072874],[-37.372553,-11.07082],[-37.372776,-11.071916],[-37.376724,-11.071863],[-37.377682,-11.067287],[-37.38081,-11.065223],[-37.380693,-11.060892],[-37.384205,-11.060541],[-37.384354,-11.05621],[-37.387056,-11.05439],[-37.389249,-11.054912],[-37.388801,-11.052464],[-37.39159,-11.052592],[-37.394399,-11.045399],[-37.395793,-11.045686],[-37.40206,-11.038524],[-37.404582,-11.034055],[-37.403944,-11.029991],[-37.407253,-11.026245],[-37.406827,-11.022627],[-37.409147,-11.020797],[-37.41235,-11.01056],[-37.420416,-11.00359],[-37.423502,-11.004207],[-37.425907,-11.000909],[-37.42646,-10.988352],[-37.430589,-10.988884],[-37.433845,-10.987161],[-37.434951,-10.983521],[-37.439442,-10.980563],[-37.455643,-10.97755],[-37.503606,-10.901101],[-37.498026,-10.904544],[-37.494233,-10.904707],[-37.485593,-10.900835],[-37.485506,-10.89867],[-37.477763,-10.896966],[-37.47495,-10.893705],[-37.464006,-10.892532],[-37.458366,-10.884016],[-37.403166,-10.825756],[-37.404199,-10.830032],[-37.406934,-10.832171],[-37.402714,-10.839825],[-37.404732,-10.842197],[-37.403525,-10.844551],[-37.387734,-10.851063],[-37.379727,-10.850891],[-37.37555,-10.852635],[-37.369665,-10.851884],[-37.363596,-10.847143],[-37.356997,-10.847595],[-37.351342,-10.84992],[-37.34751,-10.84781],[-37.341471,-10.848472],[-37.339379,-10.847269],[-37.337106,-10.839608],[-37.329101,-10.833435],[-37.323512,-10.832121],[-37.31954,-10.832974],[-37.318371,-10.834543],[-37.330392,-10.930497],[-37.327686,-10.933134],[-37.3351,-10.943958],[-37.332665,-10.950217],[-37.333824,-10.951581],[-37.331834,-10.958586],[-37.332497,-10.963364],[-37.327586,-10.965355],[-37.327007,-10.968398],[-37.323295,-10.969846],[-37.326049,-10.970869],[-37.327927,-10.976292],[-37.325154,-10.976633],[-37.319926,-10.980882],[-37.308628,-10.982785],[-37.302884,-10.986804],[-37.305432,-10.992021],[-37.302647,-10.994728],[-37.301101,-10.99961],[-37.302001,-11.008673],[-37.299117,-11.009549],[-37.294362,-11.014428],[-37.29741,-11.015274],[-37.295514,-11.015621],[-37.294209,-11.018322],[-37.291429,-11.017663],[-37.292384,-11.015799],[-37.289838,-11.013616],[-37.287428,-11.014207],[-37.279717,-11.029167],[-37.276198,-11.030756],[-37.270561,-11.028847],[-37.259104,-11.03553],[-37.250328,-11.03517],[-37.227183,-11.040608],[-37.225558,-11.043386],[-37.224703,-11.066131],[-37.219218,-11.076514],[-37.202026,-11.08773],[-37.183452,-11.093695],[-37.166388,-11.105359],[-37.164264,-11.116916],[-37.165537,-11.14332],[-37.164514,-11.150338],[-37.154509,-11.161603],[-37.158598,-11.165995],[-37.166109,-11.182498],[-37.20705,-11.222946],[-37.260165,-11.289583],[-37.311708,-11.250673],[-37.315783,-11.245044],[-37.328212,-11.237925],[-37.330617,-11.230849],[-37.327552,-11.220729],[-37.332032,-11.218101],[-37.329031,-11.216909],[-37.331245,-11.215281],[-37.32984,-11.214217],[-37.331543,-11.213323],[-37.331532,-11.210738],[-37.334416,-11.2116],[-37.335331,-11.209535],[-37.338842,-11.209578],[-37.339789,-11.206194],[-37.343067,-11.205577],[-37.344812,-11.201523],[-37.349664,-11.196872],[-37.348935,-11.193373],[-37.345993,-11.190286],[-37.3481,-11.188317],[-37.345216,-11.183625],[-37.345972,-11.176931],[-37.342386,-11.176527],[-37.340513,-11.169153],[-37.33664,-11.166301],[-37.339419,-11.161004],[-37.337842,-11.155022],[-37.340204,-11.15366],[-37.337597,-11.149637],[-37.332905,-11.14835],[-37.331096,-11.139199],[-37.334373,-11.133027],[-37.339353,-11.129792],[-37.339034,-11.119555],[-37.336225,-11.119406],[-37.335565,-11.116235],[-37.338864,-11.109425],[-37.341231,-11.107777],[-37.341609,-11.102402],[-37.346685,-11.098777],[-37.349813,-11.092575],[-37.350884,-11.091064]]]]}},{"type":"Feature","properties":{"ibgeCode":"2806701","municipality":"São Cristóvão","state":"SE"},"geometry":{"type":"MultiPolygon","coordinates":[[[[-37.110535,-10.989787],[-37.139144,-11.062859],[-37.141657,-11.063345],[-37.149144,-11.055797],[-37.157074,-11.055077],[-37.161052,-11.058365],[-37.172873,-11.07658],[-37.173691,-11.080345],[-37.172289,-11.083663],[-37.162131,-11.093816],[-37.162646,-11.100771],[-37.166388,-11.105359],[-37.183452,-11.093695],[-37.202026,-11.08773],[-37.217645,-11.077974],[-37.22175,-11.073419],[-37.224703,-11.066131],[-37.225558,-11.043386],[-37.227183,-11.040608],[-37.250328,-11.03517],[-37.259104,-11.03553],[-37.270561,-11.028847],[-37.276198,-11.030756],[-37.279717,-11.029167],[-37.287428,-11.014207],[-37.289838,-11.013616],[-37.292384,-11.015799],[-37.291429,-11.017663],[-37.294209,-11.018322],[-37.295514,-11.015621],[-37.29741,-11.015274],[-37.294362,-11.014428],[-37.299117,-11.009549],[-37.302001,-11.008673],[-37.301101,-10.99961],[-37.302647,-10.994728],[-37.305432,-10.992021],[-37.302884,-10.986804],[-37.308628,-10.982785],[-37.319926,-10.980882],[-37.325154,-10.976633],[-37.327927,-10.976292],[-37.326049,-10.970869],[-37.323295,-10.969846],[-37.327007,-10.968398],[-37.327586,-10.965355],[-37.332497,-10.963364],[-37.331834,-10.958586],[-37.333824,-10.951581],[-37.332665,-10.950217],[-37.3351,-10.943958],[-37.327686,-10.933134],[-37.330392,-10.930497],[-37.318083,-10.832202],[-37.307296,-10.832874],[-37.297839,-10.847854],[-37.28961,-10.851673],[-37.28636,-10.850196],[-37.271857,-10.85131],[-37.267002,-10.847028],[-37.254194,-10.85481],[-37.248647,-10.85456],[-37.249011,-10.85772],[-37.244328,-10.865199],[-37.230416,-10.870291],[-37.219528,-10.87711],[-37.205854,-10.875201],[-37.202592,-10.883748],[-37.197387,-10.889067],[-37.189453,-10.885976],[-37.186185,-10.889896],[-37.184188,-10.89608],[-37.173891,-10.89959],[-37.171061,-10.907993],[-37.171903,-10.913102],[-37.168176,-10.913838],[-37.162983,-10.919172],[-37.161046,-10.923504],[-37.15446,-10.922013],[-37.149684,-10.927618],[-37.146046,-10.928686],[-37.113594,-10.916053],[-37.107382,-10.914862],[-37.102346,-10.916913],[-37.09139,-10.940963],[-37.109959,-10.98832],[-37.110535,-10.989787]]]]}},{"type":"Feature","properties":{"ibgeCode":"2805000","municipality":"Pedra Mole","state":"SE"},"geometry":{"type":"MultiPolygon","coordinates":[[[[-37.648929,-10.616509],[-37.651459,-10.62142],[-37.65164,-10.637336],[-37.656098,-10.645248],[-37.655151,-10.648932],[-37.662114,-10.654933],[-37.661075,-10.658032],[-37.665751,-10.66546],[-37.668625,-10.6749],[-37.663967,-10.68129],[-37.664593,-10.693525],[-37.660459,-10.701386],[-37.666353,-10.707989],[-37.662941,-10.712018],[-37.662858,-10.717281],[-37.664135,-10.717245],[-37.666847,-10.710735],[-37.669812,-10.707818],[-37.677443,-10.715412],[-37.683274,-10.711242],[-37.684342,-10.707093],[-37.673913,-10.702626],[-37.67644,-10.697207],[-37.683074,-10.695679],[-37.686748,-10.691256],[-37.682911,-10.687582],[-37.6847,-10.682964],[-37.686363,-10.682236],[-37.692699,-10.684623],[-37.70285,-10.677655],[-37.702695,-10.671903],[-37.704974,-10.668966],[-37.706657,-10.668275],[-37.708806,-10.672106],[-37.715039,-10.668916],[-37.714578,-10.666846],[-37.708767,-10.663224],[-37.706805,-10.656317],[-37.703552,-10.654502],[-37.701764,-10.64995],[-37.697928,-10.647475],[-37.693654,-10.639447],[-37.695122,-10.638397],[-37.700308,-10.641406],[-37.703137,-10.641146],[-37.70534,-10.633391],[-37.715982,-10.633795],[-37.719698,-10.626271],[-37.718587,-10.617713],[-37.712514,-10.608892],[-37.704946,-10.606853],[-37.706671,-10.600885],[-37.703773,-10.59495],[-37.704756,-10.591808],[-37.702442,-10.589904],[-37.70047,-10.584564],[-37.695372,-10.582011],[-37.688561,-10.531917],[-37.640282,-10.604721],[-37.645432,-10.608405],[-37.64846,-10.615148],[-37.648929,-10.616509]]]]}},{"type":"Feature","properties":{"ibgeCode":"2800209","municipality":"Aquidabã","state":"SE"},"geometry":{"type":"MultiPolygon","coordinates":[[[[-37.016591,-10.190824],[-36.994794,-10.1776],[-36.983522,-10.195646],[-36.971594,-10.204548],[-36.961189,-10.235664],[-36.929028,-10.222829],[-36.952374,-10.26652],[-36.933725,-10.276146],[-36.956146,-10.289979],[-37.009345,-10.302315],[-37.018091,-10.332105],[-37.026121,-10.330342],[-37.029734,-10.325442],[-37.033882,-10.328709],[-37.036526,-10.328563],[-37.038206,-10.326579],[-37.047175,-10.334651],[-37.052123,-10.342258],[-37.054333,-10.337084],[-37.059427,-10.334195],[-37.062618,-10.329085],[-37.066366,-10.33021],[-37.074732,-10.337543],[-37.077075,-10.338011],[-37.076582,-10.342773],[-37.079048,-10.345687],[-37.085304,-10.34634],[-37.086206,-10.352877],[-37.089917,-10.357621],[-37.092046,-10.355865],[-37.093185,-10.357303],[-37.096697,-10.356687],[-37.096566,-10.359096],[-37.098956,-10.359713],[-37.097709,-10.361925],[-37.099405,-10.361487],[-37.098452,-10.364325],[-37.100303,-10.366588],[-37.101422,-10.365689],[-37.102288,-10.369554],[-37.103158,-10.367855],[-37.104802,-10.36849],[-37.104597,-10.366455],[-37.10807,-10.368621],[-37.107771,-10.369872],[-37.109658,-10.368789],[-37.111171,-10.372823],[-37.112833,-10.372898],[-37.113281,-10.369798],[-37.114999,-10.370694],[-37.116101,-10.368472],[-37.119089,-10.368248],[-37.120565,-10.370507],[-37.124225,-10.371236],[-37.123646,-10.373813],[-37.126219,-10.37459],[-37.128911,-10.373131],[-37.125718,-10.371354],[-37.129227,-10.37129],[-37.128826,-10.367926],[-37.133297,-10.364254],[-37.133041,-10.362359],[-37.135468,-10.362317],[-37.135032,-10.358208],[-37.138417,-10.360316],[-37.141152,-10.36005],[-37.139992,-10.363254],[-37.143196,-10.360444],[-37.145218,-10.361806],[-37.142504,-10.364084],[-37.146166,-10.364318],[-37.143441,-10.365595],[-37.144143,-10.366904],[-37.147368,-10.366096],[-37.146208,-10.362317],[-37.148252,-10.36171],[-37.15334,-10.367362],[-37.155245,-10.366947],[-37.152786,-10.364946],[-37.154468,-10.363222],[-37.159215,-10.365872],[-37.159673,-10.364584],[-37.157044,-10.36286],[-37.159801,-10.360358],[-37.156661,-10.360518],[-37.156182,-10.358198],[-37.154095,-10.35824],[-37.153712,-10.355952],[-37.156682,-10.353855],[-37.153329,-10.352908],[-37.155639,-10.35047],[-37.158023,-10.35031],[-37.157629,-10.348235],[-37.155415,-10.34964],[-37.153042,-10.346204],[-37.154713,-10.344882],[-37.157475,-10.345707],[-37.157821,-10.342828],[-37.16061,-10.3432],[-37.161376,-10.340592],[-37.164111,-10.339751],[-37.163617,-10.338081],[-37.16524,-10.337155],[-37.162467,-10.334054],[-37.164975,-10.333644],[-37.165733,-10.331479],[-37.160695,-10.330625],[-37.159492,-10.327848],[-37.158735,-10.329327],[-37.157003,-10.327595],[-37.155933,-10.328413],[-37.154562,-10.326164],[-37.155596,-10.324709],[-37.152446,-10.325852],[-37.152554,-10.323831],[-37.149271,-10.322557],[-37.151207,-10.31925],[-37.148574,-10.317843],[-37.150077,-10.317085],[-37.150185,-10.312564],[-37.153227,-10.313009],[-37.152939,-10.310303],[-37.154947,-10.309847],[-37.154105,-10.308139],[-37.156414,-10.307538],[-37.152758,-10.304051],[-37.150882,-10.306023],[-37.14974,-10.303341],[-37.147191,-10.303882],[-37.148249,-10.302283],[-37.147227,-10.297918],[-37.148995,-10.297726],[-37.150522,-10.294828],[-37.14891,-10.290475],[-37.150787,-10.288887],[-37.147342,-10.288359],[-37.146645,-10.28519],[-37.144314,-10.284998],[-37.144846,-10.284072],[-37.139135,-10.280045],[-37.137853,-10.27428],[-37.139885,-10.265126],[-37.138385,-10.262944],[-37.138885,-10.260517],[-37.143451,-10.255397],[-37.140849,-10.251431],[-37.140716,-10.246328],[-37.148978,-10.241419],[-37.150998,-10.235812],[-37.150615,-10.225168],[-37.148443,-10.216972],[-37.143547,-10.211309],[-37.143228,-10.205348],[-37.144356,-10.20471],[-37.136522,-10.200296],[-37.136115,-10.196517],[-37.137757,-10.193443],[-37.146238,-10.191422],[-37.149842,-10.188277],[-37.154291,-10.187399],[-37.150467,-10.163168],[-37.05752,-10.18106],[-37.016903,-10.191013],[-37.016591,-10.190824]]]]}},{"type":"Feature","properties":{"ibgeCode":"2801504","municipality":"Carmópolis","state":"SE"},"geometry":{"type":"MultiPolygon","coordinates":[[[[-36.943173,-10.685779],[-36.974562,-10.685201],[-37.011316,-10.675763],[-37.010113,-10.655063],[-37.011261,-10.641302],[-36.991947,-10.631629],[-36.968889,-10.630956],[-36.968716,-10.635224],[-36.965978,-10.640925],[-36.963671,-10.642303],[-36.962598,-10.64834],[-36.957361,-10.652056],[-36.948521,-10.650454],[-36.932954,-10.654106],[-36.931305,-10.657421],[-36.931849,-10.661697],[-36.929287,-10.664532],[-36.928662,-10.671258],[-36.924731,-10.673564],[-36.923549,-10.676866],[-36.918478,-10.678054],[-36.915527,-10.676361],[-36.912549,-10.678191],[-36.909435,-10.676798],[-36.904764,-10.684037],[-36.902551,-10.684092],[-36.901103,-10.69185],[-36.899786,-10.692643],[-36.90304,-10.6923],[-36.904837,-10.696871],[-36.9092,-10.70051],[-36.911709,-10.700265],[-36.912162,-10.705019],[-36.914596,-10.703265],[-36.914218,-10.699907],[-36.920188,-10.701034],[-36.917256,-10.693719],[-36.918991,-10.691681],[-36.916633,-10.685569],[-36.943169,-10.685779],[-36.943173,-10.685779]]]]}},{"type":"Feature","properties":{"ibgeCode":"2806305","municipality":"Santa Luzia do Itanhy","state":"SE"},"geometry":{"type":"MultiPolygon","coordinates":[[[[-37.494895,-11.442225],[-37.496755,-11.435518],[-37.502454,-11.431462],[-37.503582,-11.426139],[-37.502295,-11.423785],[-37.506569,-11.414327],[-37.51672,-11.417018],[-37.522695,-11.422142],[-37.531263,-11.419788],[-37.532153,-11.416859],[-37.534428,-11.415553],[-37.549585,-11.416009],[-37.554472,-11.413416],[-37.558449,-11.414089],[-37.564747,-11.411556],[-37.602364,-11.388864],[-37.675348,-11.323227],[-37.673843,-11.322171],[-37.670536,-11.308748],[-37.673978,-11.301504],[-37.676257,-11.300537],[-37.683095,-11.316253],[-37.692117,-11.308129],[-37.663441,-11.289966],[-37.603265,-11.343016],[-37.597369,-11.34082],[-37.597092,-11.334548],[-37.591077,-11.325387],[-37.587798,-11.324162],[-37.582411,-11.32604],[-37.576435,-11.322953],[-37.572023,-11.322973],[-37.558311,-11.311912],[-37.55006,-11.308133],[-37.548338,-11.303859],[-37.540127,-11.302929],[-37.530214,-11.305383],[-37.525445,-11.299526],[-37.519262,-11.298818],[-37.510675,-11.300144],[-37.506342,-11.303587],[-37.502859,-11.302697],[-37.4954,-11.304141],[-37.489029,-11.302261],[-37.485051,-11.305308],[-37.479788,-11.305546],[-37.477196,-11.308632],[-37.469143,-11.30976],[-37.466512,-11.308573],[-37.461783,-11.311165],[-37.453455,-11.301786],[-37.450445,-11.301104],[-37.450029,-11.297245],[-37.447101,-11.294198],[-37.441126,-11.295188],[-37.439167,-11.299976],[-37.435289,-11.300352],[-37.432875,-11.304408],[-37.430227,-11.303181],[-37.427829,-11.30425],[-37.425692,-11.308148],[-37.421883,-11.301883],[-37.41938,-11.302548],[-37.413656,-11.30044],[-37.406084,-11.301875],[-37.397793,-11.315944],[-37.391996,-11.319307],[-37.387298,-11.319787],[-37.381944,-11.324056],[-37.377779,-11.336919],[-37.379056,-11.343763],[-37.385039,-11.348914],[-37.388666,-11.354963],[-37.389404,-11.371999],[-37.40422,-11.387539],[-37.406308,-11.39311],[-37.410169,-11.410841],[-37.408706,-11.423866],[-37.416116,-11.429636],[-37.421141,-11.43023],[-37.432242,-11.424116],[-37.441567,-11.426347],[-37.444509,-11.430942],[-37.445518,-11.43945],[-37.447319,-11.4423],[-37.459448,-11.443388],[-37.463722,-11.448473],[-37.466571,-11.448631],[-37.46665,-11.446395],[-37.469757,-11.446534],[-37.471394,-11.447474],[-37.469994,-11.449363],[-37.473071,-11.450773],[-37.478195,-11.449804],[-37.484883,-11.444026],[-37.489681,-11.444312],[-37.494143,-11.442423],[-37.494895,-11.442225]]],[[[-37.652654,-11.330087],[-37.646599,-11.324876],[-37.651444,-11.320608],[-37.659447,-11.323661],[-37.663121,-11.331752],[-37.653552,-11.333082],[-37.652654,-11.330087]]],[[[-37.634815,-11.341181],[-37.635925,-11.340825],[-37.639061,-11.355451],[-37.634949,-11.34688],[-37.634815,-11.341181]]]]}},{"type":"Feature","properties":{"ibgeCode":"2807600","municipality":"Umbaúba","state":"SE"},"geometry":{"type":"MultiPolygon","coordinates":[[[[-37.675131,-11.344155],[-37.665878,-11.345837],[-37.656247,-11.340419],[-37.602364,-11.388864],[-37.652709,-11.482576],[-37.653027,-11.478716],[-37.659155,-11.484711],[-37.662276,-11.481738],[-37.663984,-11.482609],[-37.667533,-11.478863],[-37.670424,-11.478995],[-37.670621,-11.47704],[-37.67274,-11.477566],[-37.677356,-11.471356],[-37.673545,-11.468728],[-37.674264,-11.46094],[-37.671262,-11.456046],[-37.676239,-11.448933],[-37.675779,-11.446551],[-37.682317,-11.44343],[-37.682087,-11.438847],[-37.685225,-11.437762],[-37.686752,-11.433606],[-37.690958,-11.432604],[-37.690498,-11.428892],[-37.692568,-11.427003],[-37.692371,-11.424161],[-37.695015,-11.42375],[-37.696461,-11.421615],[-37.702046,-11.421185],[-37.705693,-11.413614],[-37.711147,-11.413237],[-37.713003,-11.409376],[-37.716896,-11.409557],[-37.718227,-11.407701],[-37.720494,-11.40765],[-37.720395,-11.402263],[-37.722531,-11.399142],[-37.730128,-11.401624],[-37.692209,-11.365834],[-37.692117,-11.308129],[-37.680563,-11.318533],[-37.681531,-11.320941],[-37.676271,-11.323978],[-37.675348,-11.323227],[-37.664869,-11.33266],[-37.675844,-11.336341],[-37.677269,-11.340929],[-37.675042,-11.343239],[-37.675131,-11.344155]]]]}},{"type":"Feature","properties":{"ibgeCode":"2802809","municipality":"Indiaroba","state":"SE"},"geometry":{"type":"MultiPolygon","coordinates":[[[[-37.411208,-11.49566],[-37.432521,-11.511178],[-37.455489,-11.523138],[-37.475325,-11.522367],[-37.504751,-11.52491],[-37.516447,-11.536332],[-37.517851,-11.540098],[-37.517004,-11.546925],[-37.51919,-11.549018],[-37.527715,-11.547126],[-37.535778,-11.549721],[-37.553094,-11.547256],[-37.557068,-11.551453],[-37.560673,-11.548457],[-37.562717,-11.542675],[-37.568192,-11.53974],[-37.568257,-11.538429],[-37.57526,-11.542912],[-37.575153,-11.545161],[-37.571722,-11.546918],[-37.572991,-11.549503],[-37.57855,-11.552179],[-37.585996,-11.541374],[-37.579408,-11.53386],[-37.581459,-11.530559],[-37.590269,-11.528495],[-37.595322,-11.535833],[-37.604504,-11.540286],[-37.608714,-11.536105],[-37.612369,-11.538957],[-37.617606,-11.5379],[-37.628604,-11.529343],[-37.632862,-11.522497],[-37.631263,-11.519497],[-37.632557,-11.514639],[-37.636469,-11.512584],[-37.635148,-11.510122],[-37.637728,-11.505088],[-37.63709,-11.501724],[-37.641732,-11.501006],[-37.645956,-11.503647],[-37.648735,-11.499973],[-37.645079,-11.499005],[-37.647605,-11.49207],[-37.646502,-11.486567],[-37.652709,-11.482576],[-37.602364,-11.388864],[-37.558449,-11.414089],[-37.554472,-11.413416],[-37.549585,-11.416009],[-37.534428,-11.415553],[-37.532153,-11.416859],[-37.531263,-11.419788],[-37.522695,-11.422142],[-37.51672,-11.417018],[-37.507163,-11.41403],[-37.502295,-11.423785],[-37.503582,-11.426139],[-37.502454,-11.431462],[-37.496755,-11.435518],[-37.495291,-11.441751],[-37.489681,-11.444312],[-37.484883,-11.444026],[-37.477325,-11.450081],[-37.471379,-11.450293],[-37.469658,-11.448671],[-37.47128,-11.447207],[-37.469757,-11.446534],[-37.46665,-11.446395],[-37.466571,-11.448631],[-37.462634,-11.448216],[-37.459448,-11.443388],[-37.447319,-11.4423],[-37.445518,-11.43945],[-37.444509,-11.430942],[-37.441567,-11.426347],[-37.432242,-11.424116],[-37.421141,-11.43023],[-37.416116,-11.429636],[-37.408706,-11.423866],[-37.39961,-11.436576],[-37.367692,-11.458626],[-37.410886,-11.495432],[-37.411208,-11.49566]]]]}},{"type":"Feature","properties":{"ibgeCode":"2804607","municipality":"Nossa Senhora das Dores","state":"SE"},"geometry":{"type":"MultiPolygon","coordinates":[[[[-37.178185,-10.565498],[-37.170796,-10.570643],[-37.176241,-10.576889],[-37.176145,-10.580252],[-37.183136,-10.584155],[-37.184985,-10.583359],[-37.187612,-10.590085],[-37.194152,-10.592051],[-37.195331,-10.594858],[-37.201385,-10.598157],[-37.201,-10.601584],[-37.205568,-10.602576],[-37.207271,-10.607593],[-37.204911,-10.60947],[-37.202429,-10.615761],[-37.204125,-10.624214],[-37.205667,-10.6246],[-37.209313,-10.621107],[-37.208387,-10.61958],[-37.210206,-10.620442],[-37.210673,-10.617264],[-37.218433,-10.616052],[-37.216844,-10.613911],[-37.217563,-10.611265],[-37.225785,-10.607796],[-37.228766,-10.608515],[-37.230513,-10.603659],[-37.235703,-10.603659],[-37.236773,-10.599164],[-37.239429,-10.600704],[-37.240713,-10.598289],[-37.244696,-10.598135],[-37.245043,-10.595154],[-37.24667,-10.595769],[-37.244978,-10.593639],[-37.248003,-10.594364],[-37.250733,-10.593077],[-37.253861,-10.586889],[-37.263165,-10.577328],[-37.273089,-10.577142],[-37.281972,-10.575445],[-37.284168,-10.573649],[-37.296228,-10.57656],[-37.303547,-10.574364],[-37.305676,-10.56796],[-37.308296,-10.567647],[-37.31143,-10.564099],[-37.312115,-10.56213],[-37.310173,-10.562169],[-37.309932,-10.560043],[-37.313033,-10.558997],[-37.30979,-10.547012],[-37.317251,-10.546697],[-37.316093,-10.544982],[-37.317991,-10.544093],[-37.317535,-10.542196],[-37.319421,-10.542094],[-37.320292,-10.538365],[-37.346807,-10.50683],[-37.359786,-10.483545],[-37.353064,-10.48664],[-37.351567,-10.490657],[-37.349521,-10.491648],[-37.274568,-10.465872],[-37.275947,-10.462385],[-37.280427,-10.461518],[-37.288219,-10.466758],[-37.290282,-10.466588],[-37.291803,-10.45623],[-37.287771,-10.453873],[-37.290176,-10.450863],[-37.29041,-10.447688],[-37.293546,-10.449694],[-37.294754,-10.448866],[-37.295436,-10.440977],[-37.292611,-10.439273],[-37.292183,-10.436127],[-37.29489,-10.432416],[-37.300617,-10.436068],[-37.302916,-10.435864],[-37.304104,-10.428569],[-37.306539,-10.42777],[-37.307796,-10.424994],[-37.311984,-10.430215],[-37.32034,-10.434306],[-37.327557,-10.4315],[-37.331113,-10.431744],[-37.334286,-10.426451],[-37.332758,-10.423767],[-37.329203,-10.422092],[-37.325122,-10.42289],[-37.324285,-10.420231],[-37.325571,-10.418498],[-37.328561,-10.419121],[-37.331989,-10.417495],[-37.329223,-10.413424],[-37.334103,-10.405515],[-37.333343,-10.401697],[-37.334989,-10.3997],[-37.344212,-10.398921],[-37.346336,-10.400742],[-37.348293,-10.399612],[-37.345021,-10.391928],[-37.339157,-10.384818],[-37.341212,-10.384228],[-37.342166,-10.38154],[-37.343614,-10.382583],[-37.345444,-10.37939],[-37.340591,-10.376814],[-37.339441,-10.37807],[-37.331586,-10.377176],[-37.329883,-10.374089],[-37.327477,-10.373195],[-37.325923,-10.374664],[-37.32422,-10.369086],[-37.325966,-10.366681],[-37.323667,-10.364275],[-37.322304,-10.365191],[-37.322262,-10.361146],[-37.316791,-10.360082],[-37.316088,-10.358421],[-37.317791,-10.351545],[-37.314555,-10.352184],[-37.311149,-10.347734],[-37.308467,-10.347458],[-37.308786,-10.343519],[-37.305657,-10.341284],[-37.301374,-10.333389],[-37.302187,-10.326638],[-37.297844,-10.324999],[-37.295417,-10.319847],[-37.287753,-10.318676],[-37.285369,-10.315611],[-37.286549,-10.314055],[-37.282048,-10.31229],[-37.279024,-10.311764],[-37.270421,-10.314675],[-37.274024,-10.306494],[-37.267639,-10.304195],[-37.254656,-10.305178],[-37.243721,-10.297687],[-37.239578,-10.297994],[-37.238556,-10.301592],[-37.235503,-10.301795],[-37.235416,-10.306063],[-37.237386,-10.308713],[-37.245464,-10.313482],[-37.249105,-10.31857],[-37.247138,-10.327811],[-37.244389,-10.330896],[-37.245156,-10.333195],[-37.241505,-10.336324],[-37.239703,-10.341485],[-37.24175,-10.350566],[-37.240968,-10.355305],[-37.23936,-10.36016],[-37.232542,-10.363594],[-37.231752,-10.369783],[-37.228693,-10.374369],[-37.228291,-10.377898],[-37.211584,-10.391428],[-37.206975,-10.403744],[-37.196725,-10.403105],[-37.192638,-10.406192],[-37.190371,-10.405777],[-37.182696,-10.413281],[-37.182366,-10.415686],[-37.179311,-10.417453],[-37.174772,-10.414154],[-37.168959,-10.416793],[-37.168651,-10.414973],[-37.165306,-10.415132],[-37.163265,-10.413249],[-37.164585,-10.412461],[-37.160913,-10.410396],[-37.152855,-10.412898],[-37.151163,-10.416506],[-37.1521,-10.418252],[-37.148587,-10.41542],[-37.14748,-10.41756],[-37.145298,-10.41757],[-37.144989,-10.419412],[-37.14418,-10.416708],[-37.141338,-10.415026],[-37.140561,-10.416325],[-37.137533,-10.413215],[-37.139774,-10.410886],[-37.137049,-10.410247],[-37.135042,-10.411953],[-37.132962,-10.405596],[-37.129289,-10.407618],[-37.128118,-10.411226],[-37.126277,-10.408757],[-37.123733,-10.409438],[-37.121487,-10.404968],[-37.118901,-10.407959],[-37.120018,-10.408225],[-37.117506,-10.409268],[-37.118384,-10.411812],[-37.111806,-10.412131],[-37.109869,-10.415112],[-37.111551,-10.416176],[-37.1084,-10.41856],[-37.111253,-10.419518],[-37.110742,-10.423116],[-37.113222,-10.433301],[-37.118139,-10.44076],[-37.121362,-10.443636],[-37.126733,-10.44534],[-37.13014,-10.449409],[-37.137129,-10.453754],[-37.139668,-10.507033],[-37.180814,-10.562802],[-37.178196,-10.565486],[-37.178185,-10.565498]]]]}},{"type":"Feature","properties":{"ibgeCode":"2805901","municipality":"Riachuelo","state":"SE"},"geometry":{"type":"MultiPolygon","coordinates":[[[[-37.192217,-10.72831],[-37.187637,-10.724414],[-37.185536,-10.724736],[-37.183365,-10.718126],[-37.181247,-10.719894],[-37.179892,-10.717255],[-37.173331,-10.724026],[-37.168523,-10.724233],[-37.168295,-10.726212],[-37.166408,-10.727031],[-37.171112,-10.733863],[-37.159746,-10.735749],[-37.163623,-10.74401],[-37.161371,-10.751421],[-37.216012,-10.765262],[-37.218381,-10.759848],[-37.22159,-10.758349],[-37.232696,-10.764689],[-37.235666,-10.767688],[-37.235341,-10.770228],[-37.244509,-10.778384],[-37.272527,-10.752838],[-37.269223,-10.749286],[-37.269968,-10.747433],[-37.278906,-10.741436],[-37.281619,-10.737521],[-37.28306,-10.731734],[-37.278104,-10.725603],[-37.282602,-10.717838],[-37.276097,-10.711165],[-37.269215,-10.715177],[-37.264992,-10.712683],[-37.264558,-10.707171],[-37.258926,-10.701732],[-37.255178,-10.704433],[-37.253466,-10.703397],[-37.249575,-10.705119],[-37.250797,-10.707189],[-37.248798,-10.709345],[-37.247181,-10.706403],[-37.244422,-10.705282],[-37.238496,-10.708361],[-37.235365,-10.707296],[-37.23553,-10.70301],[-37.232198,-10.704565],[-37.229932,-10.70141],[-37.225722,-10.707491],[-37.223105,-10.70254],[-37.232065,-10.69555],[-37.23045,-10.694961],[-37.231152,-10.693587],[-37.229462,-10.693149],[-37.22954,-10.691575],[-37.227339,-10.690786],[-37.228847,-10.687665],[-37.226948,-10.684048],[-37.230284,-10.68064],[-37.228666,-10.677945],[-37.230449,-10.674309],[-37.199024,-10.677224],[-37.196923,-10.681385],[-37.198923,-10.689046],[-37.195715,-10.691663],[-37.198397,-10.695587],[-37.202285,-10.697254],[-37.202766,-10.702607],[-37.205872,-10.704218],[-37.205458,-10.707945],[-37.203516,-10.708307],[-37.200922,-10.712846],[-37.202823,-10.715686],[-37.198251,-10.720177],[-37.203499,-10.720472],[-37.207129,-10.724605],[-37.200118,-10.723967],[-37.197202,-10.727243],[-37.192248,-10.728306],[-37.192217,-10.72831]]]]}},{"type":"Feature","properties":{"ibgeCode":"2803302","municipality":"Japaratuba","state":"SE"},"geometry":{"type":"MultiPolygon","coordinates":[[[[-36.960949,-10.64975],[-36.963816,-10.646579],[-36.963671,-10.642303],[-36.965978,-10.640925],[-36.968716,-10.635224],[-36.968889,-10.630956],[-36.991947,-10.631629],[-37.011261,-10.641302],[-36.975529,-10.541635],[-36.977773,-10.530194],[-36.95635,-10.523737],[-36.935004,-10.449496],[-36.935485,-10.443955],[-36.933291,-10.441905],[-36.933018,-10.436732],[-36.93502,-10.433],[-36.932938,-10.42621],[-36.929255,-10.423759],[-36.924979,-10.426626],[-36.917484,-10.419387],[-36.913432,-10.420268],[-36.905921,-10.416873],[-36.902997,-10.402596],[-36.886275,-10.395952],[-36.883893,-10.39623],[-36.882388,-10.400467],[-36.87695,-10.405816],[-36.877015,-10.411793],[-36.868497,-10.418639],[-36.864282,-10.41892],[-36.860163,-10.417087],[-36.857025,-10.420331],[-36.857838,-10.427702],[-36.861167,-10.429642],[-36.863732,-10.428644],[-36.867237,-10.430072],[-36.875311,-10.437843],[-36.872621,-10.451815],[-36.869842,-10.454092],[-36.871909,-10.459001],[-36.868295,-10.466769],[-36.869496,-10.46814],[-36.867527,-10.474862],[-36.869194,-10.481782],[-36.868399,-10.484486],[-36.865923,-10.488077],[-36.862381,-10.488921],[-36.862116,-10.494407],[-36.857304,-10.495348],[-36.855512,-10.499099],[-36.851262,-10.496655],[-36.845984,-10.496436],[-36.841236,-10.506337],[-36.837487,-10.50782],[-36.837426,-10.51271],[-36.835631,-10.513956],[-36.836071,-10.519476],[-36.834188,-10.522811],[-36.830829,-10.524667],[-36.832318,-10.530854],[-36.829006,-10.534488],[-36.824775,-10.534505],[-36.821348,-10.53952],[-36.814833,-10.541835],[-36.813145,-10.545207],[-36.808002,-10.548913],[-36.809373,-10.551579],[-36.807269,-10.563467],[-36.80857,-10.566311],[-36.807617,-10.567024],[-36.810754,-10.571332],[-36.808864,-10.572637],[-36.809605,-10.573717],[-36.802248,-10.576061],[-36.795321,-10.575373],[-36.794032,-10.573735],[-36.781283,-10.574941],[-36.894086,-10.661008],[-36.899271,-10.663598],[-36.903198,-10.662168],[-36.923549,-10.676866],[-36.924731,-10.673564],[-36.929047,-10.670633],[-36.929287,-10.664532],[-36.931849,-10.661697],[-36.931305,-10.657421],[-36.932954,-10.654106],[-36.948521,-10.650454],[-36.957361,-10.652056],[-36.960709,-10.649734],[-36.960949,-10.64975]]]]}},{"type":"Feature","properties":{"ibgeCode":"2802007","municipality":"Divina Pastora","state":"SE"},"geometry":{"type":"MultiPolygon","coordinates":[[[[-37.190166,-10.664189],[-37.186791,-10.660961],[-37.189503,-10.657399],[-37.182598,-10.655795],[-37.179046,-10.652548],[-37.183309,-10.648329],[-37.18044,-10.644851],[-37.180068,-10.641222],[-37.185205,-10.639809],[-37.187707,-10.632971],[-37.194583,-10.625446],[-37.203818,-10.627289],[-37.202429,-10.615761],[-37.204911,-10.60947],[-37.207271,-10.607593],[-37.177901,-10.625476],[-37.150496,-10.620849],[-37.152065,-10.623124],[-37.15751,-10.6252],[-37.158904,-10.627789],[-37.150846,-10.628435],[-37.149436,-10.624621],[-37.143383,-10.62523],[-37.146029,-10.636449],[-37.142365,-10.644547],[-37.134082,-10.651194],[-37.129302,-10.650231],[-37.12708,-10.648041],[-37.112451,-10.647159],[-37.108272,-10.64393],[-37.099635,-10.644435],[-37.092744,-10.638291],[-37.088392,-10.647054],[-37.090152,-10.65454],[-37.1155,-10.684931],[-37.121558,-10.702731],[-37.142567,-10.70047],[-37.145307,-10.713393],[-37.147082,-10.715891],[-37.14684,-10.719854],[-37.150838,-10.720397],[-37.154062,-10.726319],[-37.151175,-10.733584],[-37.151061,-10.738546],[-37.158328,-10.742276],[-37.157414,-10.747251],[-37.161371,-10.751421],[-37.163623,-10.74401],[-37.15986,-10.735497],[-37.171112,-10.733863],[-37.166389,-10.7267],[-37.168295,-10.726212],[-37.169437,-10.723586],[-37.173331,-10.724026],[-37.179146,-10.717461],[-37.181247,-10.719894],[-37.183248,-10.718001],[-37.185536,-10.724736],[-37.187637,-10.724414],[-37.191829,-10.7283],[-37.196996,-10.727352],[-37.200118,-10.723967],[-37.207129,-10.724605],[-37.203499,-10.720472],[-37.198286,-10.720305],[-37.202823,-10.715686],[-37.200922,-10.712846],[-37.203516,-10.708307],[-37.205458,-10.707945],[-37.205872,-10.704218],[-37.202766,-10.702607],[-37.202285,-10.697254],[-37.198397,-10.695587],[-37.195863,-10.692138],[-37.198923,-10.689046],[-37.196923,-10.681385],[-37.199439,-10.677425],[-37.198064,-10.675988],[-37.19287,-10.678033],[-37.190195,-10.669632],[-37.193633,-10.668028],[-37.190577,-10.664619],[-37.190166,-10.664189]]]]}},{"type":"Feature","properties":{"ibgeCode":"2801603","municipality":"Cedro de São João","state":"SE"},"geometry":{"type":"MultiPolygon","coordinates":[[[[-36.875223,-10.29712],[-36.880912,-10.296845],[-36.886201,-10.300824],[-36.891585,-10.311073],[-36.902663,-10.324212],[-36.935884,-10.306681],[-36.933725,-10.276146],[-36.952374,-10.26652],[-36.929028,-10.222829],[-36.867709,-10.228199],[-36.848501,-10.240276],[-36.84445,-10.261904],[-36.849286,-10.267323],[-36.851358,-10.273935],[-36.867639,-10.287275],[-36.874334,-10.297066],[-36.875223,-10.29712]]]]}},{"type":"Feature","properties":{"ibgeCode":"2805109","municipality":"Pedrinhas","state":"SE"},"geometry":{"type":"MultiPolygon","coordinates":[[[[-37.640592,-11.197542],[-37.611492,-11.201571],[-37.607051,-11.199758],[-37.601195,-11.200603],[-37.59611,-11.204218],[-37.59656,-11.213182],[-37.602861,-11.213632],[-37.608074,-11.216707],[-37.611525,-11.215057],[-37.618501,-11.21547],[-37.634239,-11.219893],[-37.641567,-11.216539],[-37.650325,-11.21982],[-37.660695,-11.218883],[-37.664033,-11.226534],[-37.6707,-11.233916],[-37.669764,-11.239323],[-37.677407,-11.234703],[-37.678462,-11.227201],[-37.684107,-11.219506],[-37.684938,-11.210861],[-37.689321,-11.207607],[-37.689662,-11.203582],[-37.695575,-11.205022],[-37.697521,-11.202111],[-37.696689,-11.198323],[-37.698071,-11.196599],[-37.701977,-11.196347],[-37.704547,-11.191816],[-37.691462,-11.171238],[-37.685794,-11.175257],[-37.679854,-11.189708],[-37.673154,-11.186514],[-37.670412,-11.183026],[-37.64483,-11.193604],[-37.64123,-11.197242],[-37.640592,-11.197542]]]]}},{"type":"Feature","properties":{"ibgeCode":"2800308","municipality":"Aracaju","state":"SE"},"geometry":{"type":"MultiPolygon","coordinates":[[[[-37.035638,-10.959679],[-37.036183,-10.962689],[-37.033471,-10.971298],[-37.035369,-10.979847],[-37.063319,-11.012854],[-37.125732,-11.103067],[-37.143982,-11.133871],[-37.153239,-11.160707],[-37.15542,-11.16112],[-37.163411,-11.152392],[-37.165537,-11.14332],[-37.164264,-11.116916],[-37.166388,-11.105359],[-37.162646,-11.100771],[-37.162131,-11.093816],[-37.170535,-11.086075],[-37.173437,-11.081582],[-37.173482,-11.078608],[-37.170059,-11.071383],[-37.158415,-11.055655],[-37.155575,-11.054698],[-37.149144,-11.055797],[-37.141657,-11.063345],[-37.139144,-11.062859],[-37.09139,-10.940963],[-37.107517,-10.904797],[-37.101893,-10.894647],[-37.102144,-10.892552],[-37.105211,-10.890654],[-37.104512,-10.88679],[-37.102846,-10.885632],[-37.09865,-10.886871],[-37.096721,-10.885314],[-37.097325,-10.882352],[-37.103328,-10.877427],[-37.102681,-10.875651],[-37.09252,-10.874251],[-37.081813,-10.862505],[-37.07743,-10.862857],[-37.072327,-10.865718],[-37.070455,-10.873859],[-37.067739,-10.876753],[-37.066059,-10.876318],[-37.0592,-10.86643],[-37.052457,-10.862682],[-37.039417,-10.865473],[-37.033909,-10.870084],[-37.036427,-10.877928],[-37.043493,-10.889751],[-37.044487,-10.904193],[-37.039845,-10.925794],[-37.039077,-10.945341],[-37.035061,-10.958079],[-37.035638,-10.959679]]]]}},{"type":"Feature","properties":{"ibgeCode":"2802908","municipality":"Itabaiana","state":"SE"},"geometry":{"type":"MultiPolygon","coordinates":[[[[-37.428053,-10.578941],[-37.422644,-10.576291],[-37.394543,-10.58232],[-37.391874,-10.584259],[-37.391786,-10.587911],[-37.386984,-10.59769],[-37.39011,-10.601912],[-37.386283,-10.611695],[-37.387871,-10.614315],[-37.388368,-10.628837],[-37.380693,-10.631038],[-37.37853,-10.628633],[-37.380702,-10.624201],[-37.379485,-10.623286],[-37.375696,-10.624591],[-37.373865,-10.630571],[-37.369317,-10.629587],[-37.365967,-10.642615],[-37.364417,-10.644296],[-37.360182,-10.642801],[-37.358041,-10.644125],[-37.357978,-10.646598],[-37.360975,-10.650562],[-37.358067,-10.654316],[-37.354532,-10.655212],[-37.354834,-10.656907],[-37.347266,-10.656274],[-37.345873,-10.657414],[-37.337487,-10.653167],[-37.328904,-10.653676],[-37.320473,-10.69216],[-37.330953,-10.718264],[-37.361716,-10.738505],[-37.402162,-10.824973],[-37.431412,-10.831316],[-37.44914,-10.789724],[-37.446263,-10.782251],[-37.44234,-10.784301],[-37.440015,-10.781784],[-37.44229,-10.775517],[-37.445361,-10.776431],[-37.451835,-10.769221],[-37.451327,-10.767038],[-37.448078,-10.76653],[-37.450667,-10.763712],[-37.448535,-10.760336],[-37.451011,-10.757355],[-37.45004,-10.752846],[-37.451302,-10.751704],[-37.448598,-10.747936],[-37.451353,-10.744113],[-37.450083,-10.741727],[-37.452089,-10.733171],[-37.455879,-10.730401],[-37.455161,-10.724108],[-37.462472,-10.718041],[-37.461152,-10.71634],[-37.462959,-10.712614],[-37.468692,-10.709485],[-37.473874,-10.710342],[-37.479823,-10.700552],[-37.500301,-10.692163],[-37.502235,-10.683349],[-37.505805,-10.681953],[-37.505163,-10.678863],[-37.507564,-10.672312],[-37.512735,-10.670909],[-37.518609,-10.66603],[-37.520611,-10.661777],[-37.517938,-10.658604],[-37.518059,-10.656571],[-37.521459,-10.655017],[-37.530461,-10.645799],[-37.50946,-10.626232],[-37.474501,-10.566459],[-37.459745,-10.59431],[-37.442281,-10.585914],[-37.428053,-10.578941]]]]}},{"type":"Feature","properties":{"ibgeCode":"2806404","municipality":"Santana do São Francisco","state":"SE"},"geometry":{"type":"MultiPolygon","coordinates":[[[[-36.659276,-10.268448],[-36.651277,-10.26389],[-36.645306,-10.256123],[-36.638571,-10.251963],[-36.62452,-10.254178],[-36.610584,-10.270333],[-36.60045,-10.29006],[-36.587292,-10.301272],[-36.653641,-10.321071],[-36.674459,-10.283668],[-36.683671,-10.270751],[-36.66991,-10.267834],[-36.660783,-10.268542],[-36.659276,-10.268448]]]]}},{"type":"Feature","properties":{"ibgeCode":"2804706","municipality":"Nossa Senhora de Lourdes","state":"SE"},"geometry":{"type":"MultiPolygon","coordinates":[[[[-36.983551,-10.082457],[-36.990887,-10.085129],[-37.008216,-10.104067],[-37.031591,-10.124022],[-37.033565,-10.12923],[-37.032897,-10.132009],[-37.039274,-10.137338],[-37.040579,-10.137095],[-37.040534,-10.131978],[-37.042963,-10.1338],[-37.045985,-10.133223],[-37.0448,-10.125753],[-37.047199,-10.124569],[-37.050904,-10.127636],[-37.052362,-10.125844],[-37.053971,-10.128061],[-37.05552,-10.126604],[-37.056431,-10.131083],[-37.060644,-10.132578],[-37.061646,-10.135266],[-37.066459,-10.136435],[-37.067965,-10.092299],[-37.062024,-10.061547],[-37.029784,-10.056938],[-37.006941,-10.037745],[-36.953454,-10.02282],[-36.952905,-10.032143],[-36.956599,-10.053734],[-36.948378,-10.069578],[-36.980772,-10.081447],[-36.983551,-10.082457]]]]}},{"type":"Feature","properties":{"ibgeCode":"2802106","municipality":"Estância","state":"SE"},"geometry":{"type":"MultiPolygon","coordinates":[[[[-37.387298,-11.319787],[-37.391996,-11.319307],[-37.397793,-11.315944],[-37.407271,-11.301242],[-37.413656,-11.30044],[-37.41938,-11.302548],[-37.421883,-11.301883],[-37.425692,-11.308148],[-37.427829,-11.30425],[-37.430227,-11.303181],[-37.432875,-11.304408],[-37.435289,-11.300352],[-37.439167,-11.299976],[-37.44071,-11.295524],[-37.442748,-11.294614],[-37.448071,-11.294416],[-37.450445,-11.301104],[-37.453455,-11.301786],[-37.461783,-11.311165],[-37.466512,-11.308573],[-37.469143,-11.30976],[-37.477196,-11.308632],[-37.479788,-11.305546],[-37.485051,-11.305308],[-37.489029,-11.302261],[-37.4954,-11.304141],[-37.502859,-11.302697],[-37.506342,-11.303587],[-37.510675,-11.300144],[-37.523259,-11.299293],[-37.523971,-11.292071],[-37.516136,-11.28942],[-37.508785,-11.273818],[-37.505976,-11.273284],[-37.514009,-11.27182],[-37.515196,-11.264618],[-37.521369,-11.260522],[-37.52592,-11.25421],[-37.52341,-11.247438],[-37.523473,-11.241288],[-37.527794,-11.241671],[-37.529709,-11.236372],[-37.524559,-11.231392],[-37.52441,-11.226859],[-37.527464,-11.225944],[-37.531933,-11.227955],[-37.537275,-11.220038],[-37.533742,-11.203757],[-37.534859,-11.200608],[-37.532007,-11.197234],[-37.536189,-11.194861],[-37.536583,-11.192903],[-37.53438,-11.190084],[-37.54152,-11.186061],[-37.542361,-11.188509],[-37.547671,-11.185604],[-37.547618,-11.181518],[-37.550012,-11.184614],[-37.552289,-11.184678],[-37.556205,-11.179985],[-37.553694,-11.175112],[-37.550086,-11.174441],[-37.54616,-11.165854],[-37.458977,-11.14633],[-37.437289,-11.126831],[-37.437296,-11.124175],[-37.434323,-11.120211],[-37.435219,-11.116116],[-37.439073,-11.116047],[-37.439138,-11.113977],[-37.437364,-11.113661],[-37.437276,-11.111444],[-37.433098,-11.111428],[-37.430062,-11.106797],[-37.438597,-11.097016],[-37.436826,-11.092369],[-37.438207,-11.087003],[-37.388812,-11.052964],[-37.389249,-11.054912],[-37.387056,-11.05439],[-37.384354,-11.05621],[-37.384066,-11.060679],[-37.380693,-11.060892],[-37.38081,-11.065223],[-37.377682,-11.067287],[-37.376724,-11.071863],[-37.372776,-11.071916],[-37.372553,-11.07082],[-37.369914,-11.072874],[-37.368988,-11.071735],[-37.367732,-11.072608],[-37.359975,-11.086802],[-37.351228,-11.090579],[-37.346685,-11.098777],[-37.341609,-11.102402],[-37.341231,-11.107777],[-37.338864,-11.109425],[-37.335565,-11.116235],[-37.336225,-11.119406],[-37.339034,-11.119555],[-37.339353,-11.129792],[-37.332713,-11.135027],[-37.331287,-11.142072],[-37.332905,-11.14835],[-37.337597,-11.149637],[-37.340204,-11.15366],[-37.337842,-11.155022],[-37.339419,-11.161004],[-37.33664,-11.166301],[-37.340513,-11.169153],[-37.342386,-11.176527],[-37.345972,-11.176931],[-37.345216,-11.183625],[-37.3481,-11.188317],[-37.345993,-11.190286],[-37.348935,-11.193373],[-37.349664,-11.196872],[-37.344812,-11.201523],[-37.343067,-11.205577],[-37.339789,-11.206194],[-37.338842,-11.209578],[-37.335331,-11.209535],[-37.334416,-11.2116],[-37.331532,-11.210738],[-37.331543,-11.213323],[-37.32984,-11.214217],[-37.331245,-11.215281],[-37.329031,-11.216909],[-37.332032,-11.218101],[-37.327552,-11.220729],[-37.330447,-11.229168],[-37.32917,-11.23667],[-37.315783,-11.245044],[-37.311708,-11.250673],[-37.260165,-11.289583],[-37.282094,-11.326694],[-37.299685,-11.363684],[-37.309517,-11.394398],[-37.312218,-11.422991],[-37.324837,-11.436034],[-37.33791,-11.442825],[-37.347673,-11.441825],[-37.355255,-11.443699],[-37.367692,-11.458626],[-37.39961,-11.436576],[-37.408706,-11.423866],[-37.410094,-11.416102],[-37.409112,-11.404272],[-37.40422,-11.387539],[-37.389404,-11.371999],[-37.388666,-11.354963],[-37.385039,-11.348914],[-37.379056,-11.343763],[-37.377779,-11.336919],[-37.379036,-11.33015],[-37.383705,-11.322137],[-37.387298,-11.319787]]]]}},{"type":"Feature","properties":{"ibgeCode":"2804300","municipality":"Muribeca","state":"SE"},"geometry":{"type":"MultiPolygon","coordinates":[[[[-36.953982,-10.443058],[-36.956208,-10.444179],[-36.961285,-10.442273],[-36.962406,-10.438013],[-36.965081,-10.437068],[-36.964552,-10.432568],[-36.967387,-10.430534],[-36.967547,-10.42424],[-36.971663,-10.419227],[-36.973681,-10.419179],[-36.974754,-10.413782],[-36.976934,-10.414021],[-36.978966,-10.410147],[-36.978582,-10.40704],[-36.980728,-10.408769],[-36.980503,-10.405838],[-36.98526,-10.402988],[-36.98124,-10.401066],[-36.981128,-10.398648],[-36.982938,-10.399641],[-36.984187,-10.397847],[-36.980664,-10.398055],[-36.982425,-10.396518],[-36.98084,-10.39434],[-36.982842,-10.393987],[-36.982681,-10.390896],[-36.98478,-10.391697],[-36.983674,-10.388062],[-36.985853,-10.387501],[-36.98691,-10.384074],[-36.984731,-10.384859],[-36.985564,-10.383001],[-36.982714,-10.382777],[-36.982409,-10.377668],[-36.981197,-10.379079],[-36.979398,-10.37826],[-36.98068,-10.375474],[-36.979062,-10.375906],[-36.977669,-10.372703],[-36.982361,-10.369372],[-36.984635,-10.371534],[-36.987427,-10.368391],[-36.985949,-10.366922],[-36.986971,-10.365734],[-36.990554,-10.36558],[-36.990657,-10.361877],[-36.993396,-10.361396],[-36.99189,-10.358001],[-36.99418,-10.359138],[-36.996118,-10.356864],[-36.994645,-10.354894],[-36.997944,-10.35254],[-36.995558,-10.350074],[-36.997223,-10.346598],[-36.995878,-10.342787],[-36.999578,-10.339135],[-36.998857,-10.330279],[-37.000522,-10.327973],[-37.003341,-10.329078],[-37.00648,-10.326563],[-37.00845,-10.329238],[-37.011941,-10.328549],[-37.01263,-10.330903],[-37.018091,-10.332105],[-37.009345,-10.302315],[-36.969287,-10.337437],[-36.912016,-10.397213],[-36.902997,-10.402596],[-36.905552,-10.416633],[-36.912631,-10.420092],[-36.917484,-10.419387],[-36.924979,-10.426626],[-36.929255,-10.423759],[-36.932938,-10.42621],[-36.93502,-10.433],[-36.933227,-10.435595],[-36.933291,-10.441905],[-36.935485,-10.443955],[-36.935004,-10.449496],[-36.936382,-10.450905],[-36.942708,-10.444227],[-36.946615,-10.444547],[-36.949082,-10.442353],[-36.953662,-10.443026],[-36.953982,-10.443058]]]]}},{"type":"Feature","properties":{"ibgeCode":"2803401","municipality":"Japoatã","state":"SE"},"geometry":{"type":"MultiPolygon","coordinates":[[[[-36.712989,-10.453712],[-36.720668,-10.486597],[-36.71635,-10.492303],[-36.716963,-10.498525],[-36.719178,-10.500272],[-36.719437,-10.502694],[-36.716876,-10.513575],[-36.724436,-10.517193],[-36.720612,-10.527107],[-36.732359,-10.53224],[-36.73444,-10.530044],[-36.743651,-10.53423],[-36.751418,-10.541449],[-36.751459,-10.549464],[-36.754035,-10.552823],[-36.75122,-10.557983],[-36.746217,-10.559837],[-36.744816,-10.56253],[-36.747523,-10.56553],[-36.747812,-10.576822],[-36.750462,-10.578622],[-36.755924,-10.591303],[-36.761503,-10.586318],[-36.76446,-10.579896],[-36.771585,-10.57701],[-36.778602,-10.577289],[-36.784948,-10.573775],[-36.787104,-10.575305],[-36.794032,-10.573735],[-36.795321,-10.575373],[-36.802248,-10.576061],[-36.809605,-10.573717],[-36.808864,-10.572637],[-36.810754,-10.571332],[-36.807617,-10.567024],[-36.80857,-10.566311],[-36.807269,-10.563467],[-36.809373,-10.551579],[-36.808002,-10.548913],[-36.813145,-10.545207],[-36.814833,-10.541835],[-36.821348,-10.53952],[-36.824775,-10.534505],[-36.829006,-10.534488],[-36.832318,-10.530854],[-36.830829,-10.524667],[-36.834188,-10.522811],[-36.836071,-10.519476],[-36.835631,-10.513956],[-36.837426,-10.51271],[-36.837487,-10.50782],[-36.841236,-10.506337],[-36.845984,-10.496436],[-36.851262,-10.496655],[-36.855512,-10.499099],[-36.857304,-10.495348],[-36.862116,-10.494407],[-36.862381,-10.488921],[-36.865923,-10.488077],[-36.868399,-10.484486],[-36.869194,-10.481782],[-36.867527,-10.474862],[-36.869496,-10.46814],[-36.868295,-10.466769],[-36.871909,-10.459001],[-36.869842,-10.454092],[-36.872621,-10.451815],[-36.875311,-10.437843],[-36.867237,-10.430072],[-36.863732,-10.428644],[-36.861167,-10.429642],[-36.857838,-10.427702],[-36.857375,-10.419265],[-36.860163,-10.417087],[-36.864282,-10.41892],[-36.868406,-10.418675],[-36.877015,-10.411793],[-36.87695,-10.405816],[-36.882388,-10.400467],[-36.883893,-10.39623],[-36.886275,-10.395952],[-36.902635,-10.402784],[-36.903133,-10.398762],[-36.89687,-10.392062],[-36.894138,-10.392644],[-36.891604,-10.385981],[-36.85648,-10.382565],[-36.854282,-10.376922],[-36.845936,-10.370353],[-36.843868,-10.366968],[-36.84444,-10.362726],[-36.841583,-10.357912],[-36.845551,-10.355169],[-36.845007,-10.341811],[-36.840933,-10.340413],[-36.837988,-10.335023],[-36.826736,-10.329059],[-36.824121,-10.329291],[-36.821572,-10.327414],[-36.816036,-10.328325],[-36.812799,-10.326626],[-36.807406,-10.328875],[-36.81237,-10.323265],[-36.818921,-10.30803],[-36.822563,-10.304163],[-36.822078,-10.300361],[-36.818612,-10.29797],[-36.811798,-10.298063],[-36.807322,-10.29437],[-36.800769,-10.29478],[-36.795291,-10.282594],[-36.788718,-10.301115],[-36.779412,-10.306226],[-36.77728,-10.309207],[-36.76989,-10.31052],[-36.768214,-10.314574],[-36.763377,-10.316084],[-36.761613,-10.319091],[-36.757868,-10.316462],[-36.748951,-10.314492],[-36.741541,-10.319161],[-36.737595,-10.326509],[-36.735946,-10.326998],[-36.735021,-10.331524],[-36.737989,-10.339765],[-36.732744,-10.358408],[-36.734683,-10.359065],[-36.733617,-10.363444],[-36.72477,-10.375084],[-36.718838,-10.377747],[-36.716925,-10.384764],[-36.705311,-10.400467],[-36.710538,-10.402768],[-36.70447,-10.410411],[-36.706376,-10.414764],[-36.702461,-10.417237],[-36.704129,-10.425657],[-36.715618,-10.446466],[-36.711742,-10.447592],[-36.712893,-10.453882],[-36.712989,-10.453712]]]]}},{"type":"Feature","properties":{"ibgeCode":"2803005","municipality":"Itabaianinha","state":"SE"},"geometry":{"type":"MultiPolygon","coordinates":[[[[-37.791072,-11.360183],[-37.791629,-11.347324],[-37.798796,-11.341096],[-37.801473,-11.340912],[-37.803033,-11.337801],[-37.805928,-11.336526],[-37.807806,-11.337699],[-37.80918,-11.334256],[-37.81495,-11.331557],[-37.814589,-11.324883],[-37.817654,-11.319788],[-37.820463,-11.318851],[-37.829145,-11.320196],[-37.839437,-11.311709],[-37.841008,-11.308268],[-37.843073,-11.307368],[-37.842865,-11.305035],[-37.846975,-11.304101],[-37.84957,-11.297949],[-37.852449,-11.297363],[-37.854925,-11.300099],[-37.857867,-11.297944],[-37.860583,-11.300005],[-37.863142,-11.299791],[-37.866518,-11.295364],[-37.870786,-11.28426],[-37.873386,-11.284279],[-37.874189,-11.286599],[-37.878623,-11.288645],[-37.885506,-11.284478],[-37.885902,-11.280643],[-37.889649,-11.281538],[-37.89103,-11.27931],[-37.894168,-11.279273],[-37.896014,-11.276196],[-37.899615,-11.275293],[-37.905237,-11.279268],[-37.907365,-11.279161],[-37.914047,-11.289135],[-37.916936,-11.289188],[-37.925715,-11.280954],[-37.931703,-11.279531],[-37.936193,-11.269782],[-37.923933,-11.24915],[-37.922123,-11.241459],[-37.916644,-11.236918],[-37.904793,-11.221955],[-37.88619,-11.21271],[-37.879,-11.216721],[-37.872449,-11.217389],[-37.867458,-11.221326],[-37.868096,-11.214121],[-37.865764,-11.209724],[-37.869864,-11.207169],[-37.869359,-11.198969],[-37.874038,-11.195419],[-37.87638,-11.18659],[-37.846497,-11.160761],[-37.793441,-11.132974],[-37.790084,-11.134029],[-37.785464,-11.131578],[-37.782122,-11.133019],[-37.777264,-11.131727],[-37.769599,-11.135203],[-37.764102,-11.142913],[-37.761205,-11.141665],[-37.76076,-11.143789],[-37.756452,-11.146552],[-37.757313,-11.148855],[-37.75354,-11.147028],[-37.748014,-11.149999],[-37.746736,-11.152316],[-37.740453,-11.153787],[-37.738893,-11.153252],[-37.738031,-11.149538],[-37.73665,-11.149835],[-37.736724,-11.15141],[-37.731495,-11.155644],[-37.732074,-11.157827],[-37.726994,-11.164913],[-37.722894,-11.161601],[-37.719848,-11.162878],[-37.717991,-11.161957],[-37.716461,-11.16735],[-37.712109,-11.166518],[-37.711084,-11.170098],[-37.709821,-11.169489],[-37.703508,-11.177392],[-37.700135,-11.18369],[-37.702839,-11.184507],[-37.702869,-11.188206],[-37.704934,-11.18831],[-37.705572,-11.191311],[-37.701977,-11.196347],[-37.697105,-11.197743],[-37.697521,-11.202111],[-37.695575,-11.205022],[-37.689662,-11.203582],[-37.689321,-11.207607],[-37.684938,-11.210861],[-37.684107,-11.219506],[-37.678462,-11.227201],[-37.677407,-11.234703],[-37.670061,-11.239026],[-37.667669,-11.245354],[-37.66351,-11.24733],[-37.662262,-11.253027],[-37.663441,-11.289966],[-37.692117,-11.308129],[-37.692209,-11.365834],[-37.730128,-11.401624],[-37.733426,-11.402486],[-37.733723,-11.405962],[-37.736159,-11.40819],[-37.740497,-11.407641],[-37.747301,-11.411488],[-37.748311,-11.404001],[-37.751,-11.399931],[-37.752277,-11.401803],[-37.750658,-11.403942],[-37.751288,-11.405701],[-37.757521,-11.405502],[-37.759482,-11.406853],[-37.761953,-11.403621],[-37.764068,-11.403273],[-37.760626,-11.394524],[-37.763881,-11.393025],[-37.765316,-11.389555],[-37.768871,-11.390054],[-37.770535,-11.385678],[-37.770328,-11.381359],[-37.768857,-11.3804],[-37.770543,-11.376854],[-37.775606,-11.379441],[-37.782191,-11.3737],[-37.784409,-11.373698],[-37.785962,-11.37011],[-37.784939,-11.365404],[-37.787753,-11.363205],[-37.786268,-11.359405],[-37.791086,-11.360329],[-37.791072,-11.360183]]]]}},{"type":"Feature","properties":{"ibgeCode":"2801306","municipality":"Capela","state":"SE"},"geometry":{"type":"MultiPolygon","coordinates":[[[[-37.072607,-10.561002],[-37.073231,-10.556693],[-37.070429,-10.552065],[-37.071069,-10.548173],[-37.068251,-10.54614],[-37.066089,-10.540935],[-37.067418,-10.534833],[-37.065032,-10.530477],[-37.080374,-10.527374],[-37.102427,-10.530589],[-37.103132,-10.524439],[-37.101466,-10.511403],[-37.102715,-10.50615],[-37.113093,-10.493498],[-37.114406,-10.482479],[-37.122478,-10.475753],[-37.138669,-10.470131],[-37.137129,-10.453754],[-37.13014,-10.449409],[-37.126733,-10.44534],[-37.118728,-10.441477],[-37.113222,-10.433301],[-37.110742,-10.423116],[-37.111253,-10.419518],[-37.108422,-10.41905],[-37.111551,-10.416176],[-37.109869,-10.415112],[-37.111806,-10.412131],[-37.118493,-10.411182],[-37.117549,-10.408246],[-37.11493,-10.408874],[-37.115718,-10.406862],[-37.110045,-10.403871],[-37.110896,-10.402733],[-37.112152,-10.404553],[-37.113376,-10.400167],[-37.10997,-10.402285],[-37.107384,-10.398943],[-37.109874,-10.400082],[-37.111673,-10.398305],[-37.115558,-10.398326],[-37.116367,-10.400987],[-37.119252,-10.39922],[-37.120125,-10.395335],[-37.117304,-10.394026],[-37.12038,-10.391397],[-37.116943,-10.390555],[-37.118358,-10.387703],[-37.120955,-10.387916],[-37.125042,-10.384446],[-37.129321,-10.385755],[-37.132749,-10.382732],[-37.128353,-10.382402],[-37.127789,-10.381114],[-37.129481,-10.379954],[-37.128044,-10.378113],[-37.12517,-10.377857],[-37.126511,-10.37641],[-37.123646,-10.373813],[-37.124225,-10.371236],[-37.120565,-10.370507],[-37.119089,-10.368248],[-37.116101,-10.368472],[-37.114999,-10.370694],[-37.113281,-10.369798],[-37.112833,-10.372898],[-37.111171,-10.372823],[-37.109658,-10.368789],[-37.107771,-10.369872],[-37.10807,-10.368621],[-37.104597,-10.366455],[-37.104802,-10.36849],[-37.103158,-10.367855],[-37.102288,-10.369554],[-37.101422,-10.365689],[-37.100303,-10.366588],[-37.098452,-10.364325],[-37.099405,-10.361487],[-37.097709,-10.361925],[-37.098956,-10.359713],[-37.096566,-10.359096],[-37.096697,-10.356687],[-37.093185,-10.357303],[-37.092046,-10.355865],[-37.089917,-10.357621],[-37.086206,-10.352877],[-37.085304,-10.34634],[-37.079048,-10.345687],[-37.076582,-10.342773],[-37.077075,-10.338011],[-37.074732,-10.337543],[-37.066366,-10.33021],[-37.062618,-10.329085],[-37.059427,-10.334195],[-37.054333,-10.337084],[-37.052123,-10.342258],[-37.047175,-10.334651],[-37.038206,-10.326579],[-37.036526,-10.328563],[-37.033882,-10.328709],[-37.029734,-10.325442],[-37.026121,-10.330342],[-37.016666,-10.332553],[-37.015128,-10.330711],[-37.01263,-10.330903],[-37.011941,-10.328549],[-37.00845,-10.329238],[-37.00648,-10.326563],[-37.003341,-10.329078],[-37.001611,-10.32762],[-36.998104,-10.332425],[-37.00001,-10.334971],[-36.999578,-10.339135],[-36.995878,-10.342787],[-36.997223,-10.346598],[-36.995558,-10.350074],[-36.997944,-10.35254],[-36.994645,-10.354894],[-36.99623,-10.356592],[-36.995334,-10.358401],[-36.99189,-10.358001],[-36.993396,-10.361396],[-36.990657,-10.361877],[-36.990554,-10.36558],[-36.986971,-10.365734],[-36.985949,-10.366922],[-36.987427,-10.368391],[-36.984635,-10.371534],[-36.982361,-10.369372],[-36.977669,-10.372703],[-36.979062,-10.375906],[-36.98068,-10.375474],[-36.979398,-10.37826],[-36.981197,-10.379079],[-36.982409,-10.377668],[-36.982714,-10.382777],[-36.985564,-10.383001],[-36.984731,-10.384859],[-36.98691,-10.384074],[-36.985853,-10.387501],[-36.983674,-10.388062],[-36.98478,-10.391697],[-36.982681,-10.390896],[-36.982842,-10.393987],[-36.98084,-10.39434],[-36.982425,-10.396518],[-36.980664,-10.398055],[-36.984187,-10.397847],[-36.982938,-10.399641],[-36.981128,-10.398648],[-36.98124,-10.401066],[-36.98526,-10.402988],[-36.980503,-10.405838],[-36.980728,-10.408769],[-36.978582,-10.40704],[-36.978966,-10.410147],[-36.976934,-10.414021],[-36.974754,-10.413782],[-36.973681,-10.419179],[-36.971663,-10.419227],[-36.967547,-10.42424],[-36.967387,-10.430534],[-36.964552,-10.432568],[-36.965081,-10.437068],[-36.962406,-10.438013],[-36.961285,-10.442273],[-36.955264,-10.444211],[-36.949082,-10.442353],[-36.946615,-10.444547],[-36.942708,-10.444227],[-36.93723,-10.450921],[-36.935004,-10.449496],[-36.95635,-10.523737],[-36.977773,-10.530194],[-36.975529,-10.541635],[-37.011261,-10.641302],[-37.036193,-10.625581],[-37.054037,-10.621498],[-37.071822,-10.615069],[-37.071534,-10.612618],[-37.066697,-10.609367],[-37.064311,-10.603842],[-37.065768,-10.600031],[-37.065336,-10.592792],[-37.06705,-10.589781],[-37.073151,-10.589557],[-37.075409,-10.588227],[-37.076979,-10.584224],[-37.073808,-10.577017],[-37.071149,-10.576328],[-37.068507,-10.573013],[-37.072815,-10.566815],[-37.072687,-10.561338],[-37.072607,-10.561002]]]]}},{"type":"Feature","properties":{"ibgeCode":"2806107","municipality":"Rosário do Catete","state":"SE"},"geometry":{"type":"MultiPolygon","coordinates":[[[[-37.077479,-10.633112],[-37.075855,-10.632245],[-37.071822,-10.615069],[-37.054037,-10.621498],[-37.036193,-10.625581],[-37.010858,-10.642197],[-37.010132,-10.661628],[-37.011829,-10.669401],[-37.010804,-10.674717],[-37.01248,-10.679451],[-37.010914,-10.681412],[-37.01642,-10.684835],[-37.012824,-10.689964],[-37.008943,-10.691247],[-37.005682,-10.696474],[-36.992134,-10.703472],[-36.98065,-10.700772],[-36.975362,-10.701454],[-36.973645,-10.70385],[-36.969146,-10.705604],[-36.96126,-10.70401],[-36.949884,-10.712735],[-36.966712,-10.729828],[-36.977673,-10.732337],[-36.982993,-10.736166],[-36.994086,-10.730356],[-37.002236,-10.731582],[-37.005123,-10.727639],[-37.014046,-10.724847],[-37.015922,-10.721608],[-37.026649,-10.728423],[-37.059446,-10.741839],[-37.068511,-10.747986],[-37.061842,-10.71449],[-37.051164,-10.703208],[-37.055428,-10.698416],[-37.058635,-10.691096],[-37.067596,-10.690342],[-37.068691,-10.686984],[-37.073898,-10.686474],[-37.078029,-10.683776],[-37.084255,-10.685625],[-37.088783,-10.682041],[-37.089122,-10.678739],[-37.091839,-10.675551],[-37.091178,-10.664458],[-37.089669,-10.663458],[-37.08882,-10.657647],[-37.090662,-10.655135],[-37.088196,-10.648478],[-37.091883,-10.640829],[-37.07751,-10.633128],[-37.077479,-10.633112]]]]}},{"type":"Feature","properties":{"ibgeCode":"2803906","municipality":"Malhador","state":"SE"},"geometry":{"type":"MultiPolygon","coordinates":[[[[-37.325733,-10.70526],[-37.320473,-10.69216],[-37.332347,-10.639608],[-37.326151,-10.623187],[-37.296399,-10.601028],[-37.29546,-10.610861],[-37.29177,-10.61118],[-37.288848,-10.614733],[-37.281375,-10.617976],[-37.278882,-10.62647],[-37.280292,-10.629442],[-37.279022,-10.632632],[-37.274699,-10.634556],[-37.268175,-10.634141],[-37.268519,-10.635353],[-37.264842,-10.637369],[-37.264691,-10.642199],[-37.261135,-10.641939],[-37.2589,-10.649292],[-37.253155,-10.648561],[-37.25269,-10.649718],[-37.251996,-10.648389],[-37.246467,-10.647708],[-37.247092,-10.649133],[-37.243971,-10.653332],[-37.246422,-10.661131],[-37.244169,-10.660552],[-37.239965,-10.664064],[-37.238354,-10.663782],[-37.235585,-10.669164],[-37.233444,-10.669912],[-37.234168,-10.671371],[-37.228989,-10.67532],[-37.230284,-10.68064],[-37.226948,-10.684048],[-37.228847,-10.687665],[-37.227339,-10.690786],[-37.22954,-10.691575],[-37.232028,-10.695793],[-37.229718,-10.696341],[-37.222834,-10.703986],[-37.226439,-10.707485],[-37.229932,-10.70141],[-37.232198,-10.704565],[-37.23553,-10.70301],[-37.235365,-10.707296],[-37.238496,-10.708361],[-37.244422,-10.705282],[-37.247181,-10.706403],[-37.248798,-10.709345],[-37.250797,-10.707189],[-37.249575,-10.705119],[-37.253466,-10.703397],[-37.255178,-10.704433],[-37.258926,-10.701732],[-37.264558,-10.707171],[-37.264992,-10.712683],[-37.269215,-10.715177],[-37.276097,-10.711165],[-37.282602,-10.717838],[-37.2818,-10.720532],[-37.284951,-10.720675],[-37.287854,-10.723721],[-37.292132,-10.7224],[-37.294721,-10.726252],[-37.298139,-10.727666],[-37.298216,-10.731447],[-37.308969,-10.734713],[-37.31622,-10.740687],[-37.316437,-10.736757],[-37.31128,-10.732612],[-37.310134,-10.729499],[-37.318824,-10.730416],[-37.331764,-10.725918],[-37.336322,-10.721796],[-37.330953,-10.718264],[-37.325733,-10.70526]]]]}},{"type":"Feature","properties":{"ibgeCode":"2807402","municipality":"Tobias Barreto","state":"SE"},"geometry":{"type":"MultiPolygon","coordinates":[[[[-38.070923,-11.141384],[-38.070591,-11.137882],[-38.066447,-11.134866],[-38.06429,-11.130951],[-38.066589,-11.129462],[-38.065619,-11.122976],[-38.068838,-11.118767],[-38.074631,-11.120537],[-38.079904,-11.118158],[-38.08378,-11.118613],[-38.085054,-11.116188],[-38.088401,-11.116256],[-38.08897,-11.112605],[-38.087552,-11.109322],[-38.091012,-11.104296],[-38.093282,-11.103968],[-38.092843,-11.098789],[-38.08821,-11.099296],[-38.087826,-11.098025],[-38.086528,-11.099202],[-38.080486,-11.082189],[-38.075115,-11.077094],[-38.079524,-11.072661],[-38.079114,-11.06891],[-38.080964,-11.064043],[-38.085027,-11.066058],[-38.086227,-11.059193],[-38.091599,-11.057637],[-38.090133,-11.053913],[-38.090805,-11.050603],[-38.094335,-11.050171],[-38.097959,-11.045751],[-38.10242,-11.043983],[-38.101929,-11.041105],[-38.098135,-11.038693],[-38.10262,-11.036413],[-38.10322,-11.034822],[-38.100938,-11.032406],[-38.102291,-11.02873],[-38.106016,-11.025912],[-38.100704,-11.020611],[-38.102762,-11.018599],[-38.101999,-11.015894],[-38.107635,-11.012568],[-38.108046,-11.010681],[-38.113994,-11.010667],[-38.120547,-11.007107],[-38.125028,-11.010531],[-38.124459,-11.016344],[-38.128184,-11.019451],[-38.129911,-11.018915],[-38.131884,-11.015342],[-38.134939,-11.015248],[-38.138529,-11.011634],[-38.140255,-11.006489],[-38.142482,-11.005914],[-38.144178,-11.001657],[-38.149478,-11.001962],[-38.151807,-10.997123],[-38.159435,-10.992584],[-38.16995,-10.989063],[-38.173644,-10.985953],[-38.178335,-10.976124],[-38.1803,-10.974849],[-38.180118,-10.968256],[-38.183384,-10.965174],[-38.186131,-10.96482],[-38.186373,-10.961463],[-38.179532,-10.948868],[-38.180616,-10.942767],[-38.174658,-10.940388],[-38.168745,-10.941597],[-38.166987,-10.939828],[-38.169596,-10.937454],[-38.168734,-10.933725],[-38.170403,-10.926757],[-38.167961,-10.921686],[-38.162866,-10.919939],[-38.162653,-10.908349],[-38.160447,-10.902503],[-38.154994,-10.899648],[-38.150122,-10.900835],[-38.1387,-10.900196],[-38.136628,-10.894328],[-38.130731,-10.893414],[-38.1251,-10.884569],[-38.123239,-10.875578],[-38.1195,-10.86777],[-38.122238,-10.86116],[-38.124141,-10.860225],[-38.124108,-10.857157],[-38.127066,-10.856585],[-38.126604,-10.851152],[-38.123184,-10.848193],[-38.123404,-10.846752],[-38.117355,-10.842771],[-38.117982,-10.836832],[-38.114627,-10.835699],[-38.114781,-10.834006],[-38.108106,-10.836271],[-38.102442,-10.829892],[-38.097894,-10.83042],[-38.096129,-10.827418],[-38.09173,-10.828603],[-38.090969,-10.825754],[-38.085923,-10.824481],[-38.086351,-10.82193],[-38.082711,-10.822414],[-38.081963,-10.820687],[-38.078774,-10.822018],[-38.073924,-10.818157],[-38.071185,-10.818993],[-38.067204,-10.817728],[-38.066665,-10.819697],[-38.061375,-10.818201],[-38.060506,-10.819906],[-38.056668,-10.817343],[-38.049684,-10.818784],[-38.032252,-10.81598],[-38.02991,-10.816959],[-38.027853,-10.814913],[-38.024971,-10.816167],[-38.020363,-10.815221],[-38.016055,-10.818081],[-37.97702,-10.822172],[-37.970212,-10.824822],[-37.97289,-10.880369],[-37.959257,-10.923607],[-37.956007,-10.927946],[-37.955444,-10.935008],[-37.951923,-10.940254],[-37.943336,-10.946281],[-37.941321,-10.95583],[-37.938181,-10.957609],[-37.937346,-10.964344],[-37.93337,-10.969136],[-37.933188,-10.971914],[-37.941829,-10.985111],[-37.945315,-10.980319],[-37.948619,-10.985202],[-37.945333,-10.993462],[-37.946114,-10.996148],[-37.939488,-11.00134],[-37.938725,-11.003628],[-37.932426,-11.004699],[-37.931718,-11.008438],[-37.925861,-11.014597],[-37.919138,-11.017442],[-37.916088,-11.023124],[-37.905831,-11.030749],[-37.904343,-11.035069],[-37.896083,-11.040987],[-37.894212,-11.046669],[-37.843539,-11.108952],[-37.793441,-11.132974],[-37.846497,-11.160761],[-37.87638,-11.18659],[-37.874038,-11.195419],[-37.869359,-11.198969],[-37.869864,-11.207169],[-37.865764,-11.209724],[-37.868096,-11.214121],[-37.867458,-11.221326],[-37.872449,-11.217389],[-37.879,-11.216721],[-37.88619,-11.21271],[-37.904793,-11.221955],[-37.916644,-11.236918],[-37.922123,-11.241459],[-37.923933,-11.24915],[-37.936193,-11.269782],[-37.937174,-11.269368],[-37.935386,-11.27643],[-37.938173,-11.285313],[-37.951238,-11.294978],[-37.950371,-11.306547],[-37.953781,-11.308369],[-37.956602,-11.306583],[-37.965041,-11.309939],[-37.967914,-11.309678],[-37.966753,-11.323118],[-37.976145,-11.337985],[-37.977286,-11.342151],[-37.979943,-11.343051],[-37.980141,-11.346588],[-37.982235,-11.347945],[-37.987701,-11.340977],[-37.991152,-11.341136],[-37.992884,-11.343758],[-37.998549,-11.339676],[-37.999911,-11.340254],[-37.998127,-11.335669],[-37.990456,-11.334067],[-37.987388,-11.331456],[-37.998606,-11.322171],[-37.990354,-11.320939],[-37.991652,-11.312843],[-37.995312,-11.312105],[-38.001346,-11.303302],[-38.003265,-11.292784],[-38.010719,-11.295248],[-38.014763,-11.285723],[-38.012019,-11.284406],[-38.006012,-11.286417],[-38.002253,-11.28541],[-37.992209,-11.278829],[-37.991444,-11.276029],[-37.994114,-11.274898],[-37.99364,-11.272461],[-37.992542,-11.273418],[-37.990781,-11.271959],[-37.986742,-11.272096],[-37.98626,-11.267171],[-37.990883,-11.266435],[-37.995854,-11.259476],[-37.993542,-11.255551],[-37.986385,-11.253327],[-37.983641,-11.248288],[-37.9876,-11.24546],[-37.988238,-11.248136],[-37.990295,-11.24861],[-37.990376,-11.243253],[-37.991912,-11.24308],[-37.993715,-11.239641],[-37.992944,-11.237813],[-37.988424,-11.238565],[-37.985779,-11.237279],[-37.986251,-11.233694],[-37.990642,-11.227994],[-37.982238,-11.222075],[-37.977463,-11.221588],[-37.976406,-11.215539],[-37.981762,-11.209969],[-37.978373,-11.204845],[-37.98142,-11.198466],[-37.974607,-11.196763],[-37.973749,-11.193689],[-37.982296,-11.191107],[-37.984707,-11.192604],[-37.983948,-11.195699],[-37.987209,-11.196026],[-37.989023,-11.193551],[-37.997072,-11.190884],[-37.99847,-11.194218],[-38.002949,-11.193824],[-38.006315,-11.190393],[-38.010481,-11.188923],[-38.017543,-11.181738],[-38.022396,-11.180233],[-38.023423,-11.177743],[-38.032733,-11.17787],[-38.036451,-11.179921],[-38.040946,-11.178572],[-38.047411,-11.181424],[-38.048589,-11.17605],[-38.057181,-11.172085],[-38.056042,-11.170087],[-38.057026,-11.168218],[-38.059749,-11.167634],[-38.061888,-11.163506],[-38.060659,-11.162769],[-38.061335,-11.161058],[-38.065186,-11.159687],[-38.067533,-11.156094],[-38.068001,-11.151346],[-38.065922,-11.149044],[-38.069886,-11.146631],[-38.070922,-11.141385],[-38.070923,-11.141384]]]]}},{"type":"Feature","properties":{"ibgeCode":"2802601","municipality":"Graccho Cardoso","state":"SE"},"geometry":{"type":"MultiPolygon","coordinates":[[[[-37.149648,-10.239908],[-37.140716,-10.246328],[-37.140849,-10.251431],[-37.143451,-10.255397],[-37.138885,-10.260517],[-37.138385,-10.262944],[-37.139885,-10.265126],[-37.137853,-10.27428],[-37.139135,-10.280045],[-37.144846,-10.284072],[-37.144314,-10.284998],[-37.146645,-10.28519],[-37.147342,-10.288359],[-37.150787,-10.288887],[-37.14891,-10.290475],[-37.150522,-10.294828],[-37.148995,-10.297726],[-37.147227,-10.297918],[-37.148249,-10.302283],[-37.147191,-10.303882],[-37.14974,-10.303341],[-37.150882,-10.306023],[-37.152758,-10.304051],[-37.156414,-10.307538],[-37.154105,-10.308139],[-37.154947,-10.309847],[-37.152939,-10.310303],[-37.153227,-10.313009],[-37.150185,-10.312564],[-37.150077,-10.317085],[-37.148574,-10.317843],[-37.151207,-10.31925],[-37.149271,-10.322557],[-37.152554,-10.323831],[-37.152446,-10.325852],[-37.155596,-10.324709],[-37.154562,-10.326164],[-37.155933,-10.328413],[-37.157003,-10.327595],[-37.158735,-10.329327],[-37.159492,-10.327848],[-37.160695,-10.330625],[-37.165733,-10.331479],[-37.164975,-10.333644],[-37.162467,-10.334054],[-37.16524,-10.337155],[-37.163617,-10.338081],[-37.164111,-10.339751],[-37.168028,-10.342242],[-37.16937,-10.339294],[-37.170902,-10.34122],[-37.173808,-10.339538],[-37.171647,-10.337623],[-37.173042,-10.335047],[-37.175011,-10.334706],[-37.174564,-10.333567],[-37.172244,-10.334557],[-37.172158,-10.332279],[-37.168816,-10.333333],[-37.170211,-10.33048],[-37.166794,-10.327596],[-37.168396,-10.327423],[-37.169689,-10.324286],[-37.172637,-10.324498],[-37.16921,-10.32007],[-37.171094,-10.319602],[-37.170541,-10.315983],[-37.172393,-10.315547],[-37.171935,-10.31328],[-37.1735,-10.312854],[-37.172297,-10.310948],[-37.175533,-10.30933],[-37.177257,-10.311364],[-37.181206,-10.310108],[-37.181695,-10.307351],[-37.183228,-10.309948],[-37.184857,-10.308596],[-37.182856,-10.304647],[-37.18574,-10.301177],[-37.187443,-10.30271],[-37.189732,-10.301145],[-37.192403,-10.304253],[-37.194415,-10.301315],[-37.195937,-10.302667],[-37.197613,-10.301716],[-37.200312,-10.296153],[-37.202707,-10.297654],[-37.204857,-10.296515],[-37.204282,-10.298921],[-37.205483,-10.299749],[-37.209924,-10.295866],[-37.210733,-10.30056],[-37.212372,-10.299112],[-37.216385,-10.300592],[-37.220472,-10.296909],[-37.223239,-10.298346],[-37.228892,-10.292502],[-37.227965,-10.289564],[-37.231659,-10.283125],[-37.235129,-10.283135],[-37.235842,-10.274311],[-37.238407,-10.272427],[-37.243325,-10.261326],[-37.251361,-10.255226],[-37.253788,-10.249095],[-37.259461,-10.24355],[-37.261212,-10.238375],[-37.332021,-10.210962],[-37.329628,-10.204205],[-37.335505,-10.204529],[-37.336405,-10.199202],[-37.331846,-10.189853],[-37.326515,-10.183505],[-37.319799,-10.179531],[-37.314942,-10.154288],[-37.307423,-10.155742],[-37.296804,-10.154807],[-37.289834,-10.157625],[-37.28537,-10.155845],[-37.281677,-10.158915],[-37.282804,-10.164195],[-37.284851,-10.165767],[-37.28362,-10.169238],[-37.278815,-10.17118],[-37.274306,-10.168466],[-37.271533,-10.164225],[-37.267128,-10.166553],[-37.266045,-10.16375],[-37.261907,-10.1635],[-37.262011,-10.158797],[-37.259179,-10.157462],[-37.261329,-10.155742],[-37.260662,-10.154748],[-37.256658,-10.155742],[-37.255649,-10.152123],[-37.249554,-10.154125],[-37.249226,-10.150391],[-37.245312,-10.14708],[-37.238178,-10.155727],[-37.238787,-10.158871],[-37.23063,-10.15896],[-37.231253,-10.156587],[-37.228316,-10.153918],[-37.228642,-10.152583],[-37.223985,-10.154362],[-37.224252,-10.157388],[-37.22166,-10.156705],[-37.219596,-10.149646],[-37.221168,-10.147125],[-37.223363,-10.146858],[-37.224371,-10.143477],[-37.219121,-10.140451],[-37.22099,-10.138805],[-37.22099,-10.13621],[-37.218438,-10.135872],[-37.212714,-10.142533],[-37.210141,-10.14079],[-37.20972,-10.143736],[-37.203407,-10.147488],[-37.206269,-10.1478],[-37.207832,-10.15035],[-37.204657,-10.15053],[-37.20408,-10.152249],[-37.205848,-10.152827],[-37.205848,-10.154702],[-37.202862,-10.154633],[-37.204766,-10.157757],[-37.200064,-10.158298],[-37.194905,-10.16336],[-37.190769,-10.157781],[-37.189025,-10.160811],[-37.190829,-10.16217],[-37.185104,-10.165519],[-37.185297,-10.169709],[-37.18187,-10.171164],[-37.181089,-10.174435],[-37.176447,-10.174219],[-37.173958,-10.169505],[-37.170158,-10.171597],[-37.163641,-10.17114],[-37.150467,-10.163168],[-37.154291,-10.187399],[-37.149842,-10.188277],[-37.146238,-10.191422],[-37.137757,-10.193443],[-37.136115,-10.196517],[-37.136522,-10.200296],[-37.144356,-10.20471],[-37.143228,-10.205348],[-37.143547,-10.211309],[-37.148443,-10.216972],[-37.150615,-10.225168],[-37.150998,-10.235812],[-37.149648,-10.239908]]]]}},{"type":"Feature","properties":{"ibgeCode":"2804409","municipality":"Neópolis","state":"SE"},"geometry":{"type":"MultiPolygon","coordinates":[[[[-36.614004,-10.411195],[-36.631399,-10.405047],[-36.632649,-10.402822],[-36.64841,-10.399691],[-36.654498,-10.402161],[-36.701912,-10.405714],[-36.716925,-10.384764],[-36.718838,-10.377747],[-36.72477,-10.375084],[-36.733617,-10.363444],[-36.734683,-10.359065],[-36.732744,-10.358408],[-36.737989,-10.339765],[-36.735028,-10.33139],[-36.739394,-10.321332],[-36.749153,-10.314456],[-36.757868,-10.316462],[-36.761759,-10.319017],[-36.763377,-10.316084],[-36.768214,-10.314574],[-36.76989,-10.31052],[-36.77728,-10.309207],[-36.779412,-10.306226],[-36.789186,-10.300703],[-36.795273,-10.282602],[-36.805449,-10.283332],[-36.804714,-10.280497],[-36.80061,-10.280879],[-36.798911,-10.27897],[-36.797212,-10.280077],[-36.786808,-10.262591],[-36.776319,-10.266113],[-36.771241,-10.260768],[-36.766697,-10.259585],[-36.759501,-10.254602],[-36.756828,-10.257389],[-36.757592,-10.262181],[-36.748658,-10.261646],[-36.740622,-10.271286],[-36.738903,-10.271382],[-36.739762,-10.272985],[-36.738044,-10.280029],[-36.735353,-10.282797],[-36.73247,-10.27917],[-36.727154,-10.279246],[-36.724873,-10.280717],[-36.72052,-10.279972],[-36.713076,-10.283847],[-36.712083,-10.282387],[-36.705497,-10.283876],[-36.706137,-10.280812],[-36.701618,-10.270404],[-36.683671,-10.270751],[-36.674459,-10.283668],[-36.653641,-10.321071],[-36.587292,-10.301272],[-36.571826,-10.316147],[-36.563946,-10.342966],[-36.564488,-10.358311],[-36.557572,-10.370134],[-36.556744,-10.377081],[-36.559358,-10.403085],[-36.566008,-10.43228],[-36.575765,-10.435337],[-36.574959,-10.43849],[-36.578864,-10.438597],[-36.57996,-10.436912],[-36.580852,-10.439018],[-36.582191,-10.437673],[-36.580774,-10.441439],[-36.583303,-10.440239],[-36.584024,-10.443685],[-36.586752,-10.44521],[-36.586294,-10.451566],[-36.58973,-10.449104],[-36.590818,-10.445419],[-36.592421,-10.448397],[-36.59569,-10.449736],[-36.59412,-10.459087],[-36.596678,-10.463192],[-36.596869,-10.473328],[-36.600114,-10.478272],[-36.599103,-10.480047],[-36.594903,-10.479838],[-36.591924,-10.482103],[-36.596648,-10.48988],[-36.60021,-10.491997],[-36.600149,-10.496842],[-36.606823,-10.431992],[-36.609559,-10.426375],[-36.607712,-10.420584],[-36.598813,-10.415093],[-36.612732,-10.411645],[-36.614004,-10.411195]]]]}},{"type":"Feature","properties":{"ibgeCode":"2805703","municipality":"Propriá","state":"SE"},"geometry":{"type":"MultiPolygon","coordinates":[[[[-36.851767,-10.238222],[-36.867709,-10.228199],[-36.867238,-10.205772],[-36.857558,-10.17651],[-36.85618,-10.176194],[-36.853493,-10.178512],[-36.848598,-10.189079],[-36.844931,-10.188757],[-36.835675,-10.195016],[-36.831535,-10.20619],[-36.826347,-10.211187],[-36.814456,-10.215197],[-36.801439,-10.213106],[-36.795921,-10.223287],[-36.788561,-10.228094],[-36.776822,-10.226611],[-36.769474,-10.227937],[-36.759159,-10.22492],[-36.751836,-10.226525],[-36.735214,-10.241935],[-36.721211,-10.264599],[-36.701618,-10.270404],[-36.706137,-10.280812],[-36.705497,-10.283876],[-36.712083,-10.282387],[-36.713076,-10.283847],[-36.72052,-10.279972],[-36.724873,-10.280717],[-36.727154,-10.279246],[-36.73247,-10.27917],[-36.735353,-10.282797],[-36.738044,-10.280029],[-36.739762,-10.272985],[-36.738903,-10.271382],[-36.740622,-10.271286],[-36.748658,-10.261646],[-36.757592,-10.262181],[-36.756828,-10.257389],[-36.759501,-10.254602],[-36.766697,-10.259585],[-36.771241,-10.260768],[-36.776319,-10.266113],[-36.786808,-10.262591],[-36.797212,-10.280077],[-36.798911,-10.27897],[-36.80061,-10.280879],[-36.804714,-10.280497],[-36.805449,-10.283332],[-36.795464,-10.282817],[-36.800769,-10.29478],[-36.807172,-10.294337],[-36.811798,-10.298063],[-36.818367,-10.298233],[-36.824126,-10.294184],[-36.828215,-10.29428],[-36.837378,-10.289879],[-36.836776,-10.282352],[-36.841682,-10.278023],[-36.84149,-10.274295],[-36.838604,-10.270976],[-36.841418,-10.268836],[-36.84445,-10.261904],[-36.848501,-10.240276],[-36.851767,-10.238222]]]]}},{"type":"Feature","properties":{"ibgeCode":"2804458","municipality":"Nossa Senhora Aparecida","state":"SE"},"geometry":{"type":"MultiPolygon","coordinates":[[[[-37.40701,-10.318523],[-37.40665,-10.321734],[-37.409683,-10.328059],[-37.411363,-10.328323],[-37.41041,-10.336047],[-37.413048,-10.346005],[-37.409833,-10.355455],[-37.410365,-10.416798],[-37.421059,-10.40178],[-37.474513,-10.459909],[-37.547539,-10.46182],[-37.558318,-10.444055],[-37.577012,-10.366945],[-37.576018,-10.361491],[-37.57855,-10.35442],[-37.57968,-10.342869],[-37.577849,-10.329116],[-37.611431,-10.277494],[-37.596607,-10.250481],[-37.593365,-10.25187],[-37.590417,-10.248469],[-37.591287,-10.244704],[-37.586351,-10.242014],[-37.585845,-10.243486],[-37.582155,-10.242156],[-37.581791,-10.240303],[-37.577448,-10.243875],[-37.579001,-10.24695],[-37.576738,-10.248202],[-37.574927,-10.24729],[-37.572388,-10.250272],[-37.569978,-10.247468],[-37.568873,-10.249647],[-37.570296,-10.253101],[-37.563272,-10.260175],[-37.561217,-10.261122],[-37.557807,-10.25827],[-37.557421,-10.264732],[-37.554246,-10.267178],[-37.550593,-10.261677],[-37.554043,-10.259595],[-37.552924,-10.258597],[-37.538881,-10.258633],[-37.54125,-10.261723],[-37.539153,-10.264915],[-37.543196,-10.263713],[-37.543459,-10.265958],[-37.541549,-10.268152],[-37.544782,-10.268874],[-37.539631,-10.270451],[-37.539105,-10.27483],[-37.5365,-10.278488],[-37.531005,-10.279772],[-37.532246,-10.282907],[-37.529306,-10.283139],[-37.52636,-10.280585],[-37.525024,-10.281334],[-37.525611,-10.284521],[-37.521553,-10.286987],[-37.522563,-10.289999],[-37.514576,-10.288867],[-37.51589,-10.293756],[-37.513004,-10.29438],[-37.511362,-10.297371],[-37.508451,-10.295884],[-37.509559,-10.292428],[-37.507658,-10.290671],[-37.505856,-10.291255],[-37.506251,-10.294061],[-37.504538,-10.295308],[-37.499958,-10.292223],[-37.498076,-10.294883],[-37.490478,-10.28351],[-37.487299,-10.283437],[-37.486263,-10.286608],[-37.482321,-10.281776],[-37.482135,-10.284612],[-37.484273,-10.287837],[-37.482239,-10.290382],[-37.485093,-10.292699],[-37.48375,-10.295186],[-37.473144,-10.287764],[-37.470724,-10.29057],[-37.468517,-10.286046],[-37.47074,-10.284669],[-37.468192,-10.281311],[-37.466009,-10.283879],[-37.464974,-10.279306],[-37.462312,-10.277582],[-37.458793,-10.283204],[-37.462027,-10.284838],[-37.459679,-10.285762],[-37.459317,-10.287821],[-37.455883,-10.288066],[-37.456492,-10.290324],[-37.452219,-10.292008],[-37.450567,-10.289392],[-37.44751,-10.288761],[-37.446541,-10.290197],[-37.448899,-10.293268],[-37.446569,-10.295762],[-37.444005,-10.294012],[-37.443036,-10.296707],[-37.440813,-10.294452],[-37.437687,-10.296659],[-37.435483,-10.295327],[-37.436387,-10.299902],[-37.434693,-10.300833],[-37.436102,-10.303168],[-37.428601,-10.307967],[-37.42917,-10.303838],[-37.427518,-10.301206],[-37.42368,-10.304151],[-37.420378,-10.302779],[-37.420911,-10.305224],[-37.419433,-10.306936],[-37.414988,-10.302655],[-37.411372,-10.303917],[-37.411664,-10.305017],[-37.410148,-10.304294],[-37.408616,-10.300997],[-37.409685,-10.297707],[-37.40724,-10.294981],[-37.408211,-10.28994],[-37.404268,-10.290605],[-37.404055,-10.303712],[-37.406367,-10.309684],[-37.405257,-10.314102],[-37.406599,-10.318124],[-37.40701,-10.318523]]]]}},{"type":"Feature","properties":{"ibgeCode":"2803104","municipality":"Itabi","state":"SE"},"geometry":{"type":"MultiPolygon","coordinates":[[[[-37.103274,-10.055749],[-37.10268,-10.051012],[-37.062024,-10.061547],[-37.067965,-10.092299],[-37.066459,-10.136435],[-37.150383,-10.16312],[-37.165096,-10.171657],[-37.170555,-10.171513],[-37.173958,-10.169505],[-37.176447,-10.174219],[-37.179995,-10.174796],[-37.18151,-10.17405],[-37.18187,-10.171164],[-37.185297,-10.169709],[-37.185104,-10.165519],[-37.190829,-10.16217],[-37.189025,-10.160811],[-37.190769,-10.157781],[-37.194905,-10.16336],[-37.200064,-10.158298],[-37.204766,-10.157757],[-37.202862,-10.154633],[-37.205848,-10.154702],[-37.205848,-10.152827],[-37.20408,-10.152249],[-37.204657,-10.15053],[-37.207832,-10.15035],[-37.206269,-10.1478],[-37.203407,-10.147488],[-37.20972,-10.143736],[-37.210141,-10.14079],[-37.212714,-10.142533],[-37.217428,-10.13628],[-37.223428,-10.133978],[-37.218294,-10.131128],[-37.222299,-10.125196],[-37.22029,-10.122422],[-37.223777,-10.118321],[-37.224847,-10.120859],[-37.226795,-10.119993],[-37.226242,-10.1176],[-37.220092,-10.113621],[-37.22546,-10.11178],[-37.226591,-10.114882],[-37.229489,-10.11493],[-37.230655,-10.117203],[-37.233012,-10.113151],[-37.23021,-10.110024],[-37.23217,-10.107487],[-37.229825,-10.104854],[-37.229044,-10.100332],[-37.225965,-10.101631],[-37.222719,-10.099358],[-37.22059,-10.102304],[-37.215756,-10.103603],[-37.214341,-10.102278],[-37.213648,-10.099353],[-37.219484,-10.092264],[-37.21875,-10.090267],[-37.215516,-10.090364],[-37.214325,-10.093719],[-37.212173,-10.092324],[-37.206738,-10.096304],[-37.205114,-10.095859],[-37.205138,-10.092504],[-37.210032,-10.088115],[-37.213023,-10.082427],[-37.210862,-10.080215],[-37.212594,-10.077678],[-37.210285,-10.076932],[-37.199463,-10.081117],[-37.196973,-10.075297],[-37.19345,-10.07401],[-37.187125,-10.075609],[-37.184131,-10.073433],[-37.186356,-10.066422],[-37.189939,-10.070992],[-37.194761,-10.068755],[-37.197863,-10.069152],[-37.193643,-10.062683],[-37.189049,-10.061649],[-37.190384,-10.058113],[-37.185959,-10.05762],[-37.184444,-10.054987],[-37.19256,-10.051944],[-37.192452,-10.048578],[-37.188989,-10.047243],[-37.187125,-10.039006],[-37.190612,-10.034003],[-37.188729,-10.030637],[-37.193338,-10.030474],[-37.196949,-10.025694],[-37.192588,-10.026279],[-37.180329,-10.034539],[-37.178453,-10.040514],[-37.172916,-10.047072],[-37.173122,-10.04938],[-37.159319,-10.052792],[-37.151706,-10.05087],[-37.146713,-10.051329],[-37.139361,-10.053151],[-37.138439,-10.056902],[-37.131083,-10.054101],[-37.128002,-10.057286],[-37.124718,-10.056978],[-37.111794,-10.051581],[-37.103456,-10.055098],[-37.103274,-10.055749]]]]}},{"type":"Feature","properties":{"ibgeCode":"2801405","municipality":"Carira","state":"SE"},"geometry":{"type":"MultiPolygon","coordinates":[[[[-37.835131,-10.37883],[-37.833993,-10.379541],[-37.833761,-10.377317],[-37.829122,-10.37441],[-37.823315,-10.378072],[-37.8238,-10.375634],[-37.82101,-10.374228],[-37.821697,-10.372239],[-37.814492,-10.370127],[-37.813319,-10.366426],[-37.807364,-10.367444],[-37.804018,-10.363266],[-37.797146,-10.362141],[-37.795074,-10.358209],[-37.788239,-10.356724],[-37.785155,-10.345569],[-37.78173,-10.347209],[-37.778683,-10.343192],[-37.770324,-10.344947],[-37.766452,-10.341392],[-37.76078,-10.343566],[-37.759168,-10.342026],[-37.756922,-10.343103],[-37.750415,-10.339571],[-37.74825,-10.34069],[-37.743313,-10.338391],[-37.745125,-10.313584],[-37.768662,-10.289196],[-37.767636,-10.288415],[-37.75452,-10.292653],[-37.750383,-10.289499],[-37.751385,-10.285756],[-37.749278,-10.282343],[-37.74886,-10.264324],[-37.759163,-10.253512],[-37.765679,-10.251867],[-37.754395,-10.241191],[-37.747091,-10.238073],[-37.765681,-10.196045],[-37.758685,-10.196517],[-37.756316,-10.199395],[-37.752889,-10.197448],[-37.748557,-10.198505],[-37.741743,-10.19517],[-37.733034,-10.194435],[-37.726482,-10.18945],[-37.723711,-10.189584],[-37.720803,-10.187338],[-37.706989,-10.191867],[-37.70318,-10.191572],[-37.700684,-10.193566],[-37.701461,-10.201271],[-37.697549,-10.203688],[-37.696181,-10.207434],[-37.693084,-10.207677],[-37.691464,-10.20442],[-37.688725,-10.203642],[-37.681874,-10.209181],[-37.674124,-10.20625],[-37.669756,-10.21081],[-37.666809,-10.211106],[-37.657586,-10.217668],[-37.653966,-10.217989],[-37.648863,-10.226259],[-37.64105,-10.233381],[-37.635677,-10.234875],[-37.634919,-10.237577],[-37.630682,-10.238742],[-37.627648,-10.242119],[-37.625539,-10.241827],[-37.623256,-10.244687],[-37.616776,-10.240421],[-37.615625,-10.24439],[-37.612844,-10.245717],[-37.613196,-10.248819],[-37.611094,-10.249268],[-37.610242,-10.245216],[-37.608211,-10.244808],[-37.608827,-10.241919],[-37.60657,-10.239526],[-37.603904,-10.241187],[-37.604667,-10.243254],[-37.600094,-10.242898],[-37.601842,-10.246417],[-37.596607,-10.250481],[-37.611431,-10.277494],[-37.577849,-10.329116],[-37.57968,-10.342869],[-37.575531,-10.370549],[-37.624693,-10.412159],[-37.681077,-10.480863],[-37.72265,-10.510071],[-37.726371,-10.51087],[-37.729273,-10.515817],[-37.748324,-10.513402],[-37.755823,-10.509934],[-37.773219,-10.50675],[-37.779413,-10.51087],[-37.784614,-10.512204],[-37.787478,-10.511191],[-37.789114,-10.512204],[-37.789601,-10.510743],[-37.796088,-10.509418],[-37.802496,-10.510392],[-37.805262,-10.51273],[-37.809241,-10.512981],[-37.811252,-10.516519],[-37.815345,-10.517329],[-37.816816,-10.51262],[-37.81485,-10.512059],[-37.812605,-10.507247],[-37.815432,-10.503245],[-37.816991,-10.503266],[-37.816859,-10.495573],[-37.819735,-10.491197],[-37.819186,-10.488073],[-37.820987,-10.48364],[-37.824758,-10.480472],[-37.832788,-10.46629],[-37.836728,-10.462428],[-37.842267,-10.449596],[-37.849264,-10.441903],[-37.848896,-10.440072],[-37.852705,-10.438703],[-37.853016,-10.435728],[-37.857322,-10.43202],[-37.859609,-10.42712],[-37.857782,-10.425141],[-37.852755,-10.42519],[-37.852798,-10.416752],[-37.850325,-10.416341],[-37.849936,-10.413551],[-37.854126,-10.409842],[-37.853109,-10.406277],[-37.849542,-10.405304],[-37.848343,-10.406586],[-37.843269,-10.403109],[-37.838266,-10.402698],[-37.837281,-10.399648],[-37.842196,-10.39787],[-37.840159,-10.387755],[-37.835587,-10.386069],[-37.835373,-10.387361],[-37.833095,-10.385497],[-37.83441,-10.382674],[-37.839461,-10.381237],[-37.839048,-10.37882],[-37.835184,-10.378634],[-37.835131,-10.37883]]]]}},{"type":"Feature","properties":{"ibgeCode":"2807501","municipality":"Tomar do Geru","state":"SE"},"geometry":{"type":"MultiPolygon","coordinates":[[[[-37.78536,-11.3648],[-37.784699,-11.367862],[-37.785962,-11.37011],[-37.784409,-11.373698],[-37.782191,-11.3737],[-37.775606,-11.379441],[-37.770543,-11.376854],[-37.768857,-11.3804],[-37.770328,-11.381359],[-37.770535,-11.385678],[-37.768871,-11.390054],[-37.765316,-11.389555],[-37.763881,-11.393025],[-37.76073,-11.394167],[-37.764272,-11.402771],[-37.761953,-11.403621],[-37.761406,-11.405631],[-37.76305,-11.404597],[-37.763255,-11.407122],[-37.766409,-11.408395],[-37.771735,-11.416202],[-37.775012,-11.415568],[-37.777543,-11.417048],[-37.787775,-11.412134],[-37.78983,-11.418565],[-37.787161,-11.423677],[-37.792291,-11.423327],[-37.800577,-11.427637],[-37.805402,-11.431684],[-37.803558,-11.435343],[-37.809162,-11.435648],[-37.80973,-11.437207],[-37.806653,-11.443295],[-37.808082,-11.44464],[-37.806867,-11.449493],[-37.80792,-11.45458],[-37.815201,-11.462523],[-37.814769,-11.467026],[-37.820367,-11.471748],[-37.823102,-11.471739],[-37.82264,-11.473399],[-37.825689,-11.475074],[-37.831781,-11.476222],[-37.831139,-11.480687],[-37.833089,-11.482298],[-37.838217,-11.482719],[-37.840264,-11.481413],[-37.841371,-11.476013],[-37.846644,-11.47286],[-37.847847,-11.469726],[-37.850372,-11.470396],[-37.853458,-11.467497],[-37.856297,-11.470424],[-37.864332,-11.466584],[-37.863336,-11.453224],[-37.860795,-11.451348],[-37.853017,-11.451709],[-37.851719,-11.446136],[-37.848068,-11.443928],[-37.849176,-11.440699],[-37.855623,-11.439342],[-37.857664,-11.440191],[-37.8585,-11.443265],[-37.867592,-11.442456],[-37.869756,-11.434815],[-37.875114,-11.435855],[-37.880335,-11.433211],[-37.879922,-11.430711],[-37.873828,-11.427988],[-37.869466,-11.429319],[-37.8678,-11.427541],[-37.865859,-11.428148],[-37.866083,-11.427098],[-37.873,-11.424613],[-37.88238,-11.424705],[-37.890395,-11.436737],[-37.893538,-11.433671],[-37.899154,-11.438253],[-37.901034,-11.433037],[-37.900653,-11.428618],[-37.903161,-11.426591],[-37.907166,-11.426716],[-37.903731,-11.421155],[-37.906307,-11.419782],[-37.90446,-11.411759],[-37.905315,-11.408274],[-37.907195,-11.407578],[-37.910387,-11.410469],[-37.914604,-11.406984],[-37.915147,-11.403234],[-37.922289,-11.403893],[-37.927558,-11.401302],[-37.929817,-11.404295],[-37.928494,-11.409657],[-37.932075,-11.412814],[-37.935611,-11.413042],[-37.934315,-11.415804],[-37.936555,-11.421909],[-37.944744,-11.424028],[-37.945629,-11.423034],[-37.942614,-11.418849],[-37.945364,-11.412789],[-37.955959,-11.406862],[-37.950791,-11.4031],[-37.952735,-11.40086],[-37.952804,-11.394488],[-37.954308,-11.393899],[-37.960212,-11.396786],[-37.961281,-11.401928],[-37.965038,-11.40212],[-37.96696,-11.399971],[-37.965143,-11.391878],[-37.968543,-11.38942],[-37.973383,-11.390314],[-37.977257,-11.39301],[-37.977768,-11.389353],[-37.98148,-11.386404],[-37.979907,-11.384281],[-37.970559,-11.382006],[-37.96784,-11.379474],[-37.969352,-11.372803],[-37.972176,-11.37344],[-37.974709,-11.371833],[-37.976391,-11.366825],[-37.978651,-11.36569],[-37.977911,-11.360133],[-37.980576,-11.35761],[-37.979762,-11.353977],[-37.981924,-11.352921],[-37.982238,-11.347781],[-37.980141,-11.346588],[-37.979943,-11.343051],[-37.977286,-11.342151],[-37.976145,-11.337985],[-37.966753,-11.323118],[-37.967914,-11.309678],[-37.965041,-11.309939],[-37.956602,-11.306583],[-37.953781,-11.308369],[-37.950371,-11.306547],[-37.951238,-11.294978],[-37.938173,-11.285313],[-37.935477,-11.27766],[-37.93694,-11.269297],[-37.931703,-11.279531],[-37.925715,-11.280954],[-37.916936,-11.289188],[-37.914047,-11.289135],[-37.907365,-11.279161],[-37.905237,-11.279268],[-37.899615,-11.275293],[-37.896014,-11.276196],[-37.894168,-11.279273],[-37.89103,-11.27931],[-37.889649,-11.281538],[-37.885902,-11.280643],[-37.885506,-11.284478],[-37.878623,-11.288645],[-37.874189,-11.286599],[-37.873386,-11.284279],[-37.870786,-11.28426],[-37.866518,-11.295364],[-37.863142,-11.299791],[-37.860583,-11.300005],[-37.857867,-11.297944],[-37.854925,-11.300099],[-37.852449,-11.297363],[-37.84957,-11.297949],[-37.846975,-11.304101],[-37.842865,-11.305035],[-37.843073,-11.307368],[-37.841008,-11.308268],[-37.839437,-11.311709],[-37.829145,-11.320196],[-37.820463,-11.318851],[-37.817654,-11.319788],[-37.814589,-11.324883],[-37.81495,-11.331557],[-37.80918,-11.334256],[-37.807806,-11.337699],[-37.805928,-11.336526],[-37.803033,-11.337801],[-37.801473,-11.340912],[-37.798796,-11.341096],[-37.791629,-11.347324],[-37.791152,-11.360477],[-37.786519,-11.359184],[-37.787753,-11.363205],[-37.785429,-11.364743],[-37.78536,-11.3648]]]]}},{"type":"Feature","properties":{"ibgeCode":"2800100","municipality":"Amparo do São Francisco","state":"SE"},"geometry":{"type":"MultiPolygon","coordinates":[[[[-36.940249,-10.160939],[-36.934692,-10.120659],[-36.926311,-10.12655],[-36.917966,-10.124705],[-36.915211,-10.133951],[-36.911419,-10.138782],[-36.903812,-10.138035],[-36.894379,-10.139527],[-36.891619,-10.142227],[-36.889738,-10.147455],[-36.882572,-10.14746],[-36.943424,-10.227544],[-36.940337,-10.162419],[-36.940249,-10.160939]]]]}}]}
